job_id,node,rank,n_gpus,gpu_name,seq_range,fasta_file,seq_len,phase,cache_warm,num_samples,batch_size,wall_time_s,peak_vram_mb,status
2631537,t0014,0,1,NVIDIA A100-SXM4-40GB,50-100aa,MGYG000000010_00108.fasta,58,warmup,False,1,10,41.52,159.7,ok
2631537,t0014,0,1,NVIDIA A100-SXM4-40GB,50-100aa,MGYG000000010_00108.fasta,58,sample,True,100,10,22.38,829.7,ok
2631537,t0014,0,1,NVIDIA A100-SXM4-40GB,50-100aa,MGYG000000010_00108.fasta,58,sample,True,100,20,20.32,1544.7,ok
2631537,t0014,0,1,NVIDIA A100-SXM4-40GB,50-100aa,MGYG000000010_00108.fasta,58,sample,True,100,50,18.62,2518.6,ok
2631537,t0014,0,1,NVIDIA A100-SXM4-40GB,50-100aa,MGYG000000609_01331.fasta,69,warmup,False,1,10,23.28,170.8,ok
2631537,t0014,0,1,NVIDIA A100-SXM4-40GB,50-100aa,MGYG000000609_01331.fasta,69,sample,True,100,10,27.82,837.6,ok
2631537,t0014,0,1,NVIDIA A100-SXM4-40GB,50-100aa,MGYG000000609_01331.fasta,69,sample,True,100,20,26.6,1534.3,ok
2631537,t0014,0,1,NVIDIA A100-SXM4-40GB,50-100aa,MGYG000000609_01331.fasta,69,sample,True,100,50,24.1,3447.0,ok
2631537,t0014,0,1,NVIDIA A100-SXM4-40GB,50-100aa,MGYG000001524_00354.fasta,84,warmup,False,1,10,25.54,185.4,ok
2631537,t0014,0,1,NVIDIA A100-SXM4-40GB,50-100aa,MGYG000001524_00354.fasta,84,sample,True,100,10,41.11,820.5,ok
2631537,t0014,0,1,NVIDIA A100-SXM4-40GB,50-100aa,MGYG000001524_00354.fasta,84,sample,True,100,20,31.35,1497.1,ok
2631537,t0014,0,1,NVIDIA A100-SXM4-40GB,50-100aa,MGYG000001524_00354.fasta,84,sample,True,100,50,28.92,3520.7,ok
2631537,t0014,0,1,NVIDIA A100-SXM4-40GB,50-100aa,MGYG000001644_00452.fasta,86,warmup,False,1,10,14.39,220.1,ERROR: Invalid suffix '_unphysical.xtc'
2631537,t0014,0,1,NVIDIA A100-SXM4-40GB,50-100aa,MGYG000001648_00738.fasta,72,warmup,False,1,10,14.92,173.5,ok
2631537,t0014,0,1,NVIDIA A100-SXM4-40GB,50-100aa,MGYG000001648_00738.fasta,72,sample,True,100,10,26.71,824.5,ok
2631537,t0014,0,1,NVIDIA A100-SXM4-40GB,50-100aa,MGYG000001648_00738.fasta,72,sample,True,100,20,24.16,1507.3,ok
2631537,t0014,0,1,NVIDIA A100-SXM4-40GB,50-100aa,MGYG000001648_00738.fasta,72,sample,True,100,50,23.47,3583.0,ok
2631537,t0014,0,1,NVIDIA A100-SXM4-40GB,50-100aa,MGYG000001895_00696.fasta,65,warmup,False,1,10,12.36,198.5,ok
2631537,t0014,0,1,NVIDIA A100-SXM4-40GB,50-100aa,MGYG000001895_00696.fasta,65,sample,True,100,10,23.16,852.5,ok
2631537,t0014,0,1,NVIDIA A100-SXM4-40GB,50-100aa,MGYG000001895_00696.fasta,65,sample,True,100,20,21.3,1521.6,ok
2631537,t0014,0,1,NVIDIA A100-SXM4-40GB,50-100aa,MGYG000001895_00696.fasta,65,sample,True,100,50,19.41,3081.7,ok
2631537,t0014,0,1,NVIDIA A100-SXM4-40GB,50-100aa,MGYG000002314_04241.fasta,59,warmup,False,1,10,12.66,185.0,ERROR: Invalid suffix '_unphysical.xtc'
2631537,t0014,0,1,NVIDIA A100-SXM4-40GB,50-100aa,MGYG000002420_00762.fasta,97,warmup,False,1,10,20.16,201.6,ok
2631537,t0014,0,1,NVIDIA A100-SXM4-40GB,50-100aa,MGYG000002420_00762.fasta,97,sample,True,100,10,42.63,781.2,ok
2631537,t0014,0,1,NVIDIA A100-SXM4-40GB,50-100aa,MGYG000002420_00762.fasta,97,sample,True,100,20,40.75,1487.0,ok
2631537,t0014,0,1,NVIDIA A100-SXM4-40GB,50-100aa,MGYG000002420_00762.fasta,97,sample,True,100,50,35.87,3524.0,ok
2631537,t0014,0,1,NVIDIA A100-SXM4-40GB,50-100aa,MGYG000002467_02821.fasta,63,warmup,False,1,10,12.28,198.5,ok
2631537,t0014,0,1,NVIDIA A100-SXM4-40GB,50-100aa,MGYG000002467_02821.fasta,63,sample,True,100,10,20.78,867.4,ok
2631537,t0014,0,1,NVIDIA A100-SXM4-40GB,50-100aa,MGYG000002467_02821.fasta,63,sample,True,100,20,19.19,1568.0,ok
2631537,t0014,0,1,NVIDIA A100-SXM4-40GB,50-100aa,MGYG000002467_02821.fasta,63,sample,True,100,50,18.36,2951.9,ok
2631537,t0014,0,1,NVIDIA A100-SXM4-40GB,50-100aa,MGYG000002660_01376.fasta,57,warmup,False,1,10,12.84,224.2,ok
2631537,t0014,0,1,NVIDIA A100-SXM4-40GB,50-100aa,MGYG000002660_01376.fasta,57,sample,True,100,10,18.56,891.7,ok
2631537,t0014,0,1,NVIDIA A100-SXM4-40GB,50-100aa,MGYG000002660_01376.fasta,57,sample,True,100,20,16.9,1605.7,ok
2631537,t0014,0,1,NVIDIA A100-SXM4-40GB,50-100aa,MGYG000002660_01376.fasta,57,sample,True,100,50,15.91,2505.5,ok
2631537,t0014,0,1,NVIDIA A100-SXM4-40GB,50-100aa,MGYG000002734_00133.fasta,68,warmup,False,1,10,13.57,168.9,ok
2631537,t0014,0,1,NVIDIA A100-SXM4-40GB,50-100aa,MGYG000002734_00133.fasta,68,sample,True,100,10,24.08,816.8,ok
2631537,t0014,0,1,NVIDIA A100-SXM4-40GB,50-100aa,MGYG000002734_00133.fasta,68,sample,True,100,20,22.52,1529.2,ok
2631537,t0014,0,1,NVIDIA A100-SXM4-40GB,50-100aa,MGYG000002734_00133.fasta,68,sample,True,100,50,20.58,3355.3,ok
2631537,t0014,0,1,NVIDIA A100-SXM4-40GB,50-100aa,MGYG000003606_00776.fasta,77,warmup,False,1,10,12.57,210.8,ok
2631537,t0014,0,1,NVIDIA A100-SXM4-40GB,50-100aa,MGYG000003606_00776.fasta,77,sample,True,100,10,29.97,828.0,ok
2631537,t0014,0,1,NVIDIA A100-SXM4-40GB,50-100aa,MGYG000003606_00776.fasta,77,sample,True,100,20,28.04,1527.4,ok
2631537,t0014,0,1,NVIDIA A100-SXM4-40GB,50-100aa,MGYG000003606_00776.fasta,77,sample,True,100,50,25.61,3601.6,ok
2631537,t0014,0,1,NVIDIA A100-SXM4-40GB,50-100aa,MGYG000003710_00836.fasta,66,warmup,False,1,10,13.55,167.1,ERROR: Invalid suffix '_unphysical.xtc'
2631537,t0014,0,1,NVIDIA A100-SXM4-40GB,50-100aa,MGYG000003716_01158.fasta,82,warmup,False,1,10,13.06,191.6,ok
2631537,t0014,0,1,NVIDIA A100-SXM4-40GB,50-100aa,MGYG000003716_01158.fasta,82,sample,True,100,10,33.69,796.3,ok
2631537,t0014,0,1,NVIDIA A100-SXM4-40GB,50-100aa,MGYG000003716_01158.fasta,82,sample,True,100,20,29.74,1491.5,ok
2631537,t0014,0,1,NVIDIA A100-SXM4-40GB,50-100aa,MGYG000003716_01158.fasta,82,sample,True,100,50,28.04,3559.3,ok
2631537,t0014,0,1,NVIDIA A100-SXM4-40GB,50-100aa,MGYG000003767_00521.fasta,86,warmup,False,1,10,12.5,226.0,ok
2631537,t0014,0,1,NVIDIA A100-SXM4-40GB,50-100aa,MGYG000003767_00521.fasta,86,sample,True,100,10,34.97,840.7,ok
2631537,t0014,0,1,NVIDIA A100-SXM4-40GB,50-100aa,MGYG000003767_00521.fasta,86,sample,True,100,20,31.69,1548.9,ok
2631537,t0014,0,1,NVIDIA A100-SXM4-40GB,50-100aa,MGYG000003767_00521.fasta,86,sample,True,100,50,30.0,3566.0,ok
2631537,t0014,0,1,NVIDIA A100-SXM4-40GB,50-100aa,MGYG000003970_03050.fasta,60,warmup,False,1,10,13.32,162.2,ok
2631537,t0014,0,1,NVIDIA A100-SXM4-40GB,50-100aa,MGYG000003970_03050.fasta,60,sample,True,100,10,19.52,826.2,ok
2631537,t0014,0,1,NVIDIA A100-SXM4-40GB,50-100aa,MGYG000003970_03050.fasta,60,sample,True,100,20,17.99,1535.3,ok
2631537,t0014,0,1,NVIDIA A100-SXM4-40GB,50-100aa,MGYG000003970_03050.fasta,60,sample,True,100,50,17.34,2674.6,ok
2631537,t0014,0,1,NVIDIA A100-SXM4-40GB,50-100aa,MGYG000004499_02841.fasta,87,warmup,False,1,10,13.79,220.5,ok
2631537,t0014,0,1,NVIDIA A100-SXM4-40GB,50-100aa,MGYG000004499_02841.fasta,87,sample,True,100,10,35.49,847.9,ok
2631537,t0014,0,1,NVIDIA A100-SXM4-40GB,50-100aa,MGYG000004499_02841.fasta,87,sample,True,100,20,32.29,1520.7,ok
2631537,t0014,0,1,NVIDIA A100-SXM4-40GB,50-100aa,MGYG000004499_02841.fasta,87,sample,True,100,50,30.54,3583.9,ok
2631537,t0014,0,1,NVIDIA A100-SXM4-40GB,50-100aa,MGYG000004629_00173.fasta,77,warmup,False,1,10,12.46,239.9,ok
2631537,t0014,0,1,NVIDIA A100-SXM4-40GB,50-100aa,MGYG000004629_00173.fasta,77,sample,True,100,10,29.99,857.9,ok
2631537,t0014,0,1,NVIDIA A100-SXM4-40GB,50-100aa,MGYG000004629_00173.fasta,77,sample,True,100,20,28.01,1557.1,ok
2631537,t0014,0,1,NVIDIA A100-SXM4-40GB,50-100aa,MGYG000004629_00173.fasta,77,sample,True,100,50,25.74,3631.8,ok
2631537,t0014,0,1,NVIDIA A100-SXM4-40GB,50-100aa,MGYG000004648_01071.fasta,59,warmup,False,1,10,15.22,161.4,ok
2631537,t0014,0,1,NVIDIA A100-SXM4-40GB,50-100aa,MGYG000004648_01071.fasta,59,sample,True,100,10,19.16,831.2,ok
2631537,t0014,0,1,NVIDIA A100-SXM4-40GB,50-100aa,MGYG000004648_01071.fasta,59,sample,True,100,20,17.51,1541.1,ok
2631537,t0014,0,1,NVIDIA A100-SXM4-40GB,50-100aa,MGYG000004648_01071.fasta,59,sample,True,100,50,16.72,2594.7,ok
2631537,t0014,0,1,NVIDIA A100-SXM4-40GB,50-100aa,MGYG000004833_01805.fasta,82,warmup,False,1,10,12.98,215.2,ok
2631537,t0014,0,1,NVIDIA A100-SXM4-40GB,50-100aa,MGYG000004833_01805.fasta,82,sample,True,100,10,33.65,819.8,ok
2631537,t0014,0,1,NVIDIA A100-SXM4-40GB,50-100aa,MGYG000004833_01805.fasta,82,sample,True,100,20,29.69,1516.3,ok
2631537,t0014,0,1,NVIDIA A100-SXM4-40GB,50-100aa,MGYG000004833_01805.fasta,82,sample,True,100,50,28.06,3585.8,ok
2631537,t0014,0,1,NVIDIA A100-SXM4-40GB,50-100aa,MGYG000014506_03467.fasta,97,warmup,False,1,10,13.02,264.4,ERROR: Invalid suffix '_unphysical.xtc'
2631537,t0014,0,1,NVIDIA A100-SXM4-40GB,50-100aa,MGYG000020798_00166.fasta,69,warmup,False,1,10,14.85,170.8,ok
2631537,t0014,0,1,NVIDIA A100-SXM4-40GB,50-100aa,MGYG000020798_00166.fasta,69,sample,True,100,10,24.54,837.6,ok
2631537,t0014,0,1,NVIDIA A100-SXM4-40GB,50-100aa,MGYG000020798_00166.fasta,69,sample,True,100,20,22.89,1534.3,ok
2631537,t0014,0,1,NVIDIA A100-SXM4-40GB,50-100aa,MGYG000020798_00166.fasta,69,sample,True,100,50,21.01,3445.9,ok
2631537,t0014,0,1,NVIDIA A100-SXM4-40GB,50-100aa,MGYG000021154_01744.fasta,76,warmup,False,1,10,13.04,209.7,ok
2631537,t0014,0,1,NVIDIA A100-SXM4-40GB,50-100aa,MGYG000021154_01744.fasta,76,sample,True,100,10,28.72,852.8,ok
2631537,t0014,0,1,NVIDIA A100-SXM4-40GB,50-100aa,MGYG000021154_01744.fasta,76,sample,True,100,20,26.14,1531.4,ok
2631537,t0014,0,1,NVIDIA A100-SXM4-40GB,50-100aa,MGYG000021154_01744.fasta,76,sample,True,100,50,25.05,3595.3,ok
2631537,t0014,0,1,NVIDIA A100-SXM4-40GB,50-100aa,MGYG000021273_01087.fasta,75,warmup,False,1,10,12.65,240.1,ok
2631537,t0014,0,1,NVIDIA A100-SXM4-40GB,50-100aa,MGYG000021273_01087.fasta,75,sample,True,100,10,27.98,866.8,ok
2631537,t0014,0,1,NVIDIA A100-SXM4-40GB,50-100aa,MGYG000021273_01087.fasta,75,sample,True,100,20,25.65,1571.1,ok
2631537,t0014,0,1,NVIDIA A100-SXM4-40GB,50-100aa,MGYG000021273_01087.fasta,75,sample,True,100,50,24.65,3618.8,ok
2631537,t0014,0,1,NVIDIA A100-SXM4-40GB,50-100aa,MGYG000023526_00536.fasta,64,warmup,False,1,10,13.72,260.9,ok
2631537,t0014,0,1,NVIDIA A100-SXM4-40GB,50-100aa,MGYG000023526_00536.fasta,64,sample,True,100,10,22.12,925.8,ok
2631537,t0014,0,1,NVIDIA A100-SXM4-40GB,50-100aa,MGYG000023526_00536.fasta,64,sample,True,100,20,20.55,1613.2,ok
2631537,t0014,0,1,NVIDIA A100-SXM4-40GB,50-100aa,MGYG000023526_00536.fasta,64,sample,True,100,50,18.49,3097.8,ok
2631537,t0014,0,1,NVIDIA A100-SXM4-40GB,50-100aa,MGYG000025367_01767.fasta,66,warmup,False,1,10,15.71,167.1,ok
2631537,t0014,0,1,NVIDIA A100-SXM4-40GB,50-100aa,MGYG000025367_01767.fasta,66,sample,True,100,10,23.14,811.2,ok
2631537,t0014,0,1,NVIDIA A100-SXM4-40GB,50-100aa,MGYG000025367_01767.fasta,66,sample,True,100,20,21.57,1510.9,ok
2631537,t0014,0,1,NVIDIA A100-SXM4-40GB,50-100aa,MGYG000025367_01767.fasta,66,sample,True,100,50,19.82,3177.5,ok
2631537,t0014,0,1,NVIDIA A100-SXM4-40GB,50-100aa,MGYG000026147_01037.fasta,60,warmup,False,1,10,14.07,194.7,ok
2631537,t0014,0,1,NVIDIA A100-SXM4-40GB,50-100aa,MGYG000026147_01037.fasta,60,sample,True,100,10,19.44,857.0,ok
2631537,t0014,0,1,NVIDIA A100-SXM4-40GB,50-100aa,MGYG000026147_01037.fasta,60,sample,True,100,20,17.92,1569.2,ok
2631537,t0014,0,1,NVIDIA A100-SXM4-40GB,50-100aa,MGYG000026147_01037.fasta,60,sample,True,100,50,17.06,2705.4,ok
2631537,t0014,0,1,NVIDIA A100-SXM4-40GB,50-100aa,MGYG000036941_00142.fasta,65,warmup,False,1,10,31.6,229.9,ok
2631537,t0014,0,1,NVIDIA A100-SXM4-40GB,50-100aa,MGYG000036941_00142.fasta,65,sample,True,100,10,22.68,881.1,ok
2631537,t0014,0,1,NVIDIA A100-SXM4-40GB,50-100aa,MGYG000036941_00142.fasta,65,sample,True,100,20,21.15,1592.7,ok
2631537,t0014,0,1,NVIDIA A100-SXM4-40GB,50-100aa,MGYG000036941_00142.fasta,65,sample,True,100,50,19.37,3153.5,ok
2631537,t0014,0,1,NVIDIA A100-SXM4-40GB,50-100aa,MGYG000037332_00316.fasta,54,warmup,False,1,10,28.92,252.7,ok
2631537,t0014,0,1,NVIDIA A100-SXM4-40GB,50-100aa,MGYG000037332_00316.fasta,54,sample,True,100,10,18.2,939.6,ok
2631537,t0014,0,1,NVIDIA A100-SXM4-40GB,50-100aa,MGYG000037332_00316.fasta,54,sample,True,100,20,15.77,1542.0,ok
2631537,t0014,0,1,NVIDIA A100-SXM4-40GB,50-100aa,MGYG000037332_00316.fasta,54,sample,True,100,50,14.94,2208.0,ok
2631537,t0014,0,1,NVIDIA A100-SXM4-40GB,50-100aa,MGYG000037502_01477.fasta,60,warmup,False,1,10,40.57,186.6,ok
2631537,t0014,0,1,NVIDIA A100-SXM4-40GB,50-100aa,MGYG000037502_01477.fasta,60,sample,True,100,10,19.51,848.7,ok
2631537,t0014,0,1,NVIDIA A100-SXM4-40GB,50-100aa,MGYG000037502_01477.fasta,60,sample,True,100,20,17.93,1559.8,ok
2631537,t0014,0,1,NVIDIA A100-SXM4-40GB,50-100aa,MGYG000037502_01477.fasta,60,sample,True,100,50,17.05,2697.6,ok
2631537,t0014,0,1,NVIDIA A100-SXM4-40GB,50-100aa,MGYG000038549_00167.fasta,78,warmup,False,1,10,30.94,234.2,ok
2631537,t0014,0,1,NVIDIA A100-SXM4-40GB,50-100aa,MGYG000038549_00167.fasta,78,sample,True,100,10,30.35,869.0,ok
2631537,t0014,0,1,NVIDIA A100-SXM4-40GB,50-100aa,MGYG000038549_00167.fasta,78,sample,True,100,20,27.82,1540.2,ok
2631537,t0014,0,1,NVIDIA A100-SXM4-40GB,50-100aa,MGYG000038549_00167.fasta,78,sample,True,100,50,26.03,3626.6,ok
2631537,t0014,0,1,NVIDIA A100-SXM4-40GB,50-100aa,MGYG000046869_02201.fasta,92,warmup,False,1,10,36.58,281.2,ok
2631537,t0014,0,1,NVIDIA A100-SXM4-40GB,50-100aa,MGYG000046869_02201.fasta,92,sample,True,100,10,40.86,864.0,ok
2631537,t0014,0,1,NVIDIA A100-SXM4-40GB,50-100aa,MGYG000046869_02201.fasta,92,sample,True,100,20,35.84,1557.7,ok
2631537,t0014,0,1,NVIDIA A100-SXM4-40GB,50-100aa,MGYG000046869_02201.fasta,92,sample,True,100,50,33.3,3627.4,ok
2631537,t0014,0,1,NVIDIA A100-SXM4-40GB,50-100aa,MGYG000047567_01789.fasta,87,warmup,False,1,10,28.1,306.4,ok
2631537,t0014,0,1,NVIDIA A100-SXM4-40GB,50-100aa,MGYG000047567_01789.fasta,87,sample,True,100,10,35.49,931.0,ok
2631537,t0014,0,1,NVIDIA A100-SXM4-40GB,50-100aa,MGYG000047567_01789.fasta,87,sample,True,100,20,32.28,1606.8,ok
2631537,t0014,0,1,NVIDIA A100-SXM4-40GB,50-100aa,MGYG000047567_01789.fasta,87,sample,True,100,50,30.54,3670.3,ok
2631537,t0014,0,1,NVIDIA A100-SXM4-40GB,50-100aa,MGYG000049005_01050.fasta,91,warmup,False,1,10,59.54,194.1,ERROR: Invalid suffix '_unphysical.xtc'
2631537,t0014,0,1,NVIDIA A100-SXM4-40GB,50-100aa,MGYG000049170_00484.fasta,61,warmup,False,1,10,34.29,172.2,ok
2631537,t0014,0,1,NVIDIA A100-SXM4-40GB,50-100aa,MGYG000049170_00484.fasta,61,sample,True,100,10,20.06,830.0,ok
2631537,t0014,0,1,NVIDIA A100-SXM4-40GB,50-100aa,MGYG000049170_00484.fasta,61,sample,True,100,20,18.34,1536.9,ok
2631537,t0014,0,1,NVIDIA A100-SXM4-40GB,50-100aa,MGYG000049170_00484.fasta,61,sample,True,100,50,17.57,2763.0,ok
2631537,t0014,0,1,NVIDIA A100-SXM4-40GB,50-100aa,MGYG000049242_01275.fasta,83,warmup,False,1,10,38.04,225.7,ok
2631537,t0014,0,1,NVIDIA A100-SXM4-40GB,50-100aa,MGYG000049242_01275.fasta,83,sample,True,100,10,34.23,843.6,ok
2631537,t0014,0,1,NVIDIA A100-SXM4-40GB,50-100aa,MGYG000049242_01275.fasta,83,sample,True,100,20,30.2,1553.5,ok
2631537,t0014,0,1,NVIDIA A100-SXM4-40GB,50-100aa,MGYG000049242_01275.fasta,83,sample,True,100,50,28.51,3578.1,ok
2631537,t0014,0,1,NVIDIA A100-SXM4-40GB,50-100aa,MGYG000051780_00386.fasta,100,warmup,False,1,10,35.24,275.9,ok
2631537,t0014,0,1,NVIDIA A100-SXM4-40GB,50-100aa,MGYG000051780_00386.fasta,100,sample,True,100,10,44.09,890.3,ok
2631537,t0014,0,1,NVIDIA A100-SXM4-40GB,50-100aa,MGYG000051780_00386.fasta,100,sample,True,100,20,40.48,1573.0,ok
2631537,t0014,0,1,NVIDIA A100-SXM4-40GB,50-100aa,MGYG000051780_00386.fasta,100,sample,True,100,50,37.62,3601.0,ok
2631537,t0014,0,1,NVIDIA A100-SXM4-40GB,50-100aa,MGYG000057857_01500.fasta,69,warmup,False,1,10,35.47,170.8,ok
2631537,t0014,0,1,NVIDIA A100-SXM4-40GB,50-100aa,MGYG000057857_01500.fasta,69,sample,True,100,10,24.56,837.6,ok
2631537,t0014,0,1,NVIDIA A100-SXM4-40GB,50-100aa,MGYG000057857_01500.fasta,69,sample,True,100,20,22.95,1534.3,ok
2631537,t0014,0,1,NVIDIA A100-SXM4-40GB,50-100aa,MGYG000057857_01500.fasta,69,sample,True,100,50,21.06,3445.9,ok
2631537,t0014,0,1,NVIDIA A100-SXM4-40GB,50-100aa,MGYG000058016_01021.fasta,95,warmup,False,1,10,38.21,230.8,ok
2631537,t0014,0,1,NVIDIA A100-SXM4-40GB,50-100aa,MGYG000058016_01021.fasta,95,sample,True,100,10,43.01,850.4,ok
2631537,t0014,0,1,NVIDIA A100-SXM4-40GB,50-100aa,MGYG000058016_01021.fasta,95,sample,True,100,20,37.78,1528.8,ok
2631537,t0014,0,1,NVIDIA A100-SXM4-40GB,50-100aa,MGYG000058016_01021.fasta,95,sample,True,100,50,35.06,3544.9,ok
2631537,t0014,0,1,NVIDIA A100-SXM4-40GB,50-100aa,MGYG000061167_01523.fasta,79,warmup,False,1,10,27.06,244.0,ERROR: Invalid suffix '_unphysical.xtc'
2631537,t0014,0,1,NVIDIA A100-SXM4-40GB,50-100aa,MGYG000061193_00728.fasta,75,warmup,False,1,10,32.86,247.5,ok
2631537,t0014,0,1,NVIDIA A100-SXM4-40GB,50-100aa,MGYG000061193_00728.fasta,75,sample,True,100,10,28.11,873.6,ok
2631537,t0014,0,1,NVIDIA A100-SXM4-40GB,50-100aa,MGYG000061193_00728.fasta,75,sample,True,100,20,25.71,1578.2,ok
2631537,t0014,0,1,NVIDIA A100-SXM4-40GB,50-100aa,MGYG000061193_00728.fasta,75,sample,True,100,50,24.69,3627.6,ok
2631537,t0014,0,1,NVIDIA A100-SXM4-40GB,50-100aa,MGYG000075412_01097.fasta,68,warmup,False,1,10,29.83,272.9,ERROR: Invalid suffix '_unphysical.xtc'
2631537,t0014,0,1,NVIDIA A100-SXM4-40GB,50-100aa,MGYG000078498_00408.fasta,67,warmup,False,1,10,33.0,168.0,ok
2631537,t0014,0,1,NVIDIA A100-SXM4-40GB,50-100aa,MGYG000078498_00408.fasta,67,sample,True,100,10,23.71,829.5,ok
2631537,t0014,0,1,NVIDIA A100-SXM4-40GB,50-100aa,MGYG000078498_00408.fasta,67,sample,True,100,20,22.08,1519.7,ok
2631537,t0014,0,1,NVIDIA A100-SXM4-40GB,50-100aa,MGYG000078498_00408.fasta,67,sample,True,100,50,20.24,3264.0,ok
2631537,t0014,0,1,NVIDIA A100-SXM4-40GB,50-100aa,MGYG000091158_03181.fasta,87,warmup,False,1,10,38.45,221.2,ok
2631537,t0014,0,1,NVIDIA A100-SXM4-40GB,50-100aa,MGYG000091158_03181.fasta,87,sample,True,100,10,35.6,848.4,ok
2631537,t0014,0,1,NVIDIA A100-SXM4-40GB,50-100aa,MGYG000091158_03181.fasta,87,sample,True,100,20,32.4,1523.7,ok
2631537,t0014,0,1,NVIDIA A100-SXM4-40GB,50-100aa,MGYG000091158_03181.fasta,87,sample,True,100,50,30.55,3583.1,ok
2631537,t0014,0,1,NVIDIA A100-SXM4-40GB,50-100aa,MGYG000091939_01853.fasta,78,warmup,False,1,10,41.04,243.0,ERROR: Invalid suffix '_unphysical.xtc'
2631537,t0014,0,1,NVIDIA A100-SXM4-40GB,50-100aa,MGYG000093880_00063.fasta,96,warmup,False,1,10,66.4,272.8,ok
2631537,t0014,0,1,NVIDIA A100-SXM4-40GB,50-100aa,MGYG000093880_00063.fasta,96,sample,True,100,10,42.02,839.5,ok
2631537,t0014,0,1,NVIDIA A100-SXM4-40GB,50-100aa,MGYG000093880_00063.fasta,96,sample,True,100,20,38.11,1533.3,ok
2631537,t0014,0,1,NVIDIA A100-SXM4-40GB,50-100aa,MGYG000093880_00063.fasta,96,sample,True,100,50,35.31,3590.0,ok
2631537,t0014,0,1,NVIDIA A100-SXM4-40GB,50-100aa,MGYG000094151_00303.fasta,51,warmup,False,1,10,31.77,155.7,ERROR: Invalid suffix '_unphysical.xtc'
2631537,t0014,0,1,NVIDIA A100-SXM4-40GB,50-100aa,MGYG000104334_03113.fasta,64,warmup,False,1,10,33.22,174.7,ok
2631537,t0014,0,1,NVIDIA A100-SXM4-40GB,50-100aa,MGYG000104334_03113.fasta,64,sample,True,100,10,22.23,836.7,ok
2631537,t0014,0,1,NVIDIA A100-SXM4-40GB,50-100aa,MGYG000104334_03113.fasta,64,sample,True,100,20,20.65,1527.1,ok
2631537,t0014,0,1,NVIDIA A100-SXM4-40GB,50-100aa,MGYG000104334_03113.fasta,64,sample,True,100,50,18.55,3013.1,ok
2631537,t0014,0,1,NVIDIA A100-SXM4-40GB,50-100aa,MGYG000104477_01151.fasta,97,warmup,False,1,10,55.69,241.0,ok
2631537,t0014,0,1,NVIDIA A100-SXM4-40GB,50-100aa,MGYG000104477_01151.fasta,97,sample,True,100,10,42.58,820.0,ok
2631537,t0014,0,1,NVIDIA A100-SXM4-40GB,50-100aa,MGYG000104477_01151.fasta,97,sample,True,100,20,38.5,1526.2,ok
2631537,t0014,0,1,NVIDIA A100-SXM4-40GB,50-100aa,MGYG000104477_01151.fasta,97,sample,True,100,50,35.86,3565.0,ok
2631537,t0014,0,1,NVIDIA A100-SXM4-40GB,50-100aa,MGYG000109094_01333.fasta,88,warmup,False,1,10,33.1,262.2,ok
2631537,t0014,0,1,NVIDIA A100-SXM4-40GB,50-100aa,MGYG000109094_01333.fasta,88,sample,True,100,10,37.1,848.4,ok
2631537,t0014,0,1,NVIDIA A100-SXM4-40GB,50-100aa,MGYG000109094_01333.fasta,88,sample,True,100,20,32.78,1539.8,ok
2631537,t0014,0,1,NVIDIA A100-SXM4-40GB,50-100aa,MGYG000109094_01333.fasta,88,sample,True,100,50,31.0,3595.9,ok
2631537,t0014,0,1,NVIDIA A100-SXM4-40GB,50-100aa,MGYG000113061_00136.fasta,78,warmup,False,1,10,36.93,282.5,ERROR: Invalid suffix '_unphysical.xtc'
2631537,t0014,0,1,NVIDIA A100-SXM4-40GB,50-100aa,MGYG000115150_00932.fasta,87,warmup,False,1,10,36.6,188.6,ok
2631537,t0014,0,1,NVIDIA A100-SXM4-40GB,50-100aa,MGYG000115150_00932.fasta,87,sample,True,100,10,35.64,815.8,ok
2631537,t0014,0,1,NVIDIA A100-SXM4-40GB,50-100aa,MGYG000115150_00932.fasta,87,sample,True,100,20,32.38,1488.9,ok
2631537,t0014,0,1,NVIDIA A100-SXM4-40GB,50-100aa,MGYG000115150_00932.fasta,87,sample,True,100,50,30.57,3551.0,ok
2631537,t0014,0,1,NVIDIA A100-SXM4-40GB,50-100aa,MGYG000115395_03810.fasta,81,warmup,False,1,10,26.78,214.8,ok
2631537,t0014,0,1,NVIDIA A100-SXM4-40GB,50-100aa,MGYG000115395_03810.fasta,81,sample,True,100,10,31.67,851.1,ok
2631537,t0014,0,1,NVIDIA A100-SXM4-40GB,50-100aa,MGYG000115395_03810.fasta,81,sample,True,100,20,29.08,1529.5,ok
2631537,t0014,0,1,NVIDIA A100-SXM4-40GB,50-100aa,MGYG000115395_03810.fasta,81,sample,True,100,50,27.63,3592.2,ok
2631537,t0014,0,1,NVIDIA A100-SXM4-40GB,50-100aa,MGYG000132111_00730.fasta,70,warmup,False,1,10,35.51,235.5,ok
2631537,t0014,0,1,NVIDIA A100-SXM4-40GB,50-100aa,MGYG000132111_00730.fasta,70,sample,True,100,10,24.83,888.5,ok
2631537,t0014,0,1,NVIDIA A100-SXM4-40GB,50-100aa,MGYG000132111_00730.fasta,70,sample,True,100,20,23.22,1570.3,ok
2631537,t0014,0,1,NVIDIA A100-SXM4-40GB,50-100aa,MGYG000132111_00730.fasta,70,sample,True,100,50,21.66,3603.7,ok
2631537,t0014,0,1,NVIDIA A100-SXM4-40GB,50-100aa,MGYG000136856_00121.fasta,96,warmup,False,1,10,43.44,295.6,ERROR: Invalid suffix '_unphysical.xtc'
2631537,t0014,0,1,NVIDIA A100-SXM4-40GB,50-100aa,MGYG000139077_02576.fasta,50,warmup,False,1,10,34.14,259.2,ok
2631537,t0014,0,1,NVIDIA A100-SXM4-40GB,50-100aa,MGYG000139077_02576.fasta,50,sample,True,100,10,15.44,856.5,ok
2631537,t0014,0,1,NVIDIA A100-SXM4-40GB,50-100aa,MGYG000139077_02576.fasta,50,sample,True,100,20,14.27,1573.7,ok
2631537,t0014,0,1,NVIDIA A100-SXM4-40GB,50-100aa,MGYG000139077_02576.fasta,50,sample,True,100,50,13.44,1935.5,ok
2631537,t0014,0,1,NVIDIA A100-SXM4-40GB,50-100aa,MGYG000142407_04240.fasta,82,warmup,False,1,10,42.7,213.2,ok
2631537,t0014,0,1,NVIDIA A100-SXM4-40GB,50-100aa,MGYG000142407_04240.fasta,82,sample,True,100,10,33.69,819.3,ok
2631537,t0014,0,1,NVIDIA A100-SXM4-40GB,50-100aa,MGYG000142407_04240.fasta,82,sample,True,100,20,29.67,1515.0,ok
2631537,t0014,0,1,NVIDIA A100-SXM4-40GB,50-100aa,MGYG000142407_04240.fasta,82,sample,True,100,50,28.09,3582.1,ok
2631537,t0014,0,1,NVIDIA A100-SXM4-40GB,50-100aa,MGYG000144056_01238.fasta,79,warmup,False,1,10,23.52,241.5,ok
2631537,t0014,0,1,NVIDIA A100-SXM4-40GB,50-100aa,MGYG000144056_01238.fasta,79,sample,True,100,10,30.72,889.8,ok
2631537,t0014,0,1,NVIDIA A100-SXM4-40GB,50-100aa,MGYG000144056_01238.fasta,79,sample,True,100,20,28.26,1580.9,ok
2631537,t0014,0,1,NVIDIA A100-SXM4-40GB,50-100aa,MGYG000144056_01238.fasta,79,sample,True,100,50,26.43,3632.1,ok
2631537,t0014,0,1,NVIDIA A100-SXM4-40GB,50-100aa,MGYG000144115_03793.fasta,65,warmup,False,1,10,30.4,258.3,ok
2631537,t0014,0,1,NVIDIA A100-SXM4-40GB,50-100aa,MGYG000144115_03793.fasta,65,sample,True,100,10,22.71,913.2,ok
2631537,t0014,0,1,NVIDIA A100-SXM4-40GB,50-100aa,MGYG000144115_03793.fasta,65,sample,True,100,20,21.11,1622.2,ok
2631537,t0014,0,1,NVIDIA A100-SXM4-40GB,50-100aa,MGYG000144115_03793.fasta,65,sample,True,100,50,19.36,3185.7,ok
2631537,t0014,0,1,NVIDIA A100-SXM4-40GB,50-100aa,MGYG000146967_00166.fasta,76,warmup,False,1,10,30.88,301.0,ok
2631537,t0014,0,1,NVIDIA A100-SXM4-40GB,50-100aa,MGYG000146967_00166.fasta,76,sample,True,100,10,28.64,944.0,ok
2631537,t0014,0,1,NVIDIA A100-SXM4-40GB,50-100aa,MGYG000146967_00166.fasta,76,sample,True,100,20,26.1,1623.2,ok
2631537,t0014,0,1,NVIDIA A100-SXM4-40GB,50-100aa,MGYG000146967_00166.fasta,76,sample,True,100,50,25.03,3686.8,ok
2631537,t0014,0,1,NVIDIA A100-SXM4-40GB,50-100aa,MGYG000147442_00550.fasta,54,warmup,False,1,10,27.03,162.4,ERROR: Invalid suffix '_unphysical.xtc'
2631537,t0014,0,1,NVIDIA A100-SXM4-40GB,50-100aa,MGYG000152985_00246.fasta,64,warmup,False,1,10,37.29,174.7,ERROR: Invalid suffix '_unphysical.xtc'
2631537,t0014,0,1,NVIDIA A100-SXM4-40GB,50-100aa,MGYG000153459_00428.fasta,56,warmup,False,1,10,35.81,177.2,ok
2631537,t0014,0,1,NVIDIA A100-SXM4-40GB,50-100aa,MGYG000153459_00428.fasta,56,sample,True,100,10,18.31,845.8,ok
2631537,t0014,0,1,NVIDIA A100-SXM4-40GB,50-100aa,MGYG000153459_00428.fasta,56,sample,True,100,20,16.41,1558.4,ok
2631537,t0014,0,1,NVIDIA A100-SXM4-40GB,50-100aa,MGYG000153459_00428.fasta,56,sample,True,100,50,15.49,2380.0,ok
2631537,t0014,0,1,NVIDIA A100-SXM4-40GB,50-100aa,MGYG000155589_01416.fasta,93,warmup,False,1,10,41.96,243.8,ERROR: Invalid suffix '_unphysical.xtc'
2631537,t0014,0,1,NVIDIA A100-SXM4-40GB,50-100aa,MGYG000162764_02092.fasta,75,warmup,False,1,10,37.08,232.2,ok
2631537,t0014,0,1,NVIDIA A100-SXM4-40GB,50-100aa,MGYG000162764_02092.fasta,75,sample,True,100,10,27.95,859.5,ok
2631537,t0014,0,1,NVIDIA A100-SXM4-40GB,50-100aa,MGYG000162764_02092.fasta,75,sample,True,100,20,25.69,1560.8,ok
2631537,t0014,0,1,NVIDIA A100-SXM4-40GB,50-100aa,MGYG000162764_02092.fasta,75,sample,True,100,50,24.75,3609.7,ok
2631537,t0014,0,1,NVIDIA A100-SXM4-40GB,50-100aa,MGYG000169671_00821.fasta,59,warmup,False,1,10,44.79,161.4,ok
2631537,t0014,0,1,NVIDIA A100-SXM4-40GB,50-100aa,MGYG000169671_00821.fasta,59,sample,True,100,10,20.28,831.2,ok
2631537,t0014,0,1,NVIDIA A100-SXM4-40GB,50-100aa,MGYG000169671_00821.fasta,59,sample,True,100,20,19.39,1541.1,ok
2631537,t0014,0,1,NVIDIA A100-SXM4-40GB,50-100aa,MGYG000169671_00821.fasta,59,sample,True,100,50,17.02,2594.7,ok
2631537,t0014,0,1,NVIDIA A100-SXM4-40GB,50-100aa,MGYG000171413_01527.fasta,79,warmup,False,1,10,29.84,212.2,ok
2631537,t0014,0,1,NVIDIA A100-SXM4-40GB,50-100aa,MGYG000171413_01527.fasta,79,sample,True,100,10,30.98,860.4,ok
2631537,t0014,0,1,NVIDIA A100-SXM4-40GB,50-100aa,MGYG000171413_01527.fasta,79,sample,True,100,20,28.44,1552.9,ok
2631537,t0014,0,1,NVIDIA A100-SXM4-40GB,50-100aa,MGYG000171413_01527.fasta,79,sample,True,100,50,26.51,3606.0,ok
2631537,t0014,0,1,NVIDIA A100-SXM4-40GB,50-100aa,MGYG000172239_00376.fasta,94,warmup,False,1,10,31.57,261.5,ok
2631537,t0014,0,1,NVIDIA A100-SXM4-40GB,50-100aa,MGYG000172239_00376.fasta,94,sample,True,100,10,42.3,867.6,ok
2631537,t0014,0,1,NVIDIA A100-SXM4-40GB,50-100aa,MGYG000172239_00376.fasta,94,sample,True,100,20,37.05,1534.1,ok
2631537,t0014,0,1,NVIDIA A100-SXM4-40GB,50-100aa,MGYG000172239_00376.fasta,94,sample,True,100,50,34.39,3568.5,ok
2631537,t0014,0,1,NVIDIA A100-SXM4-40GB,50-100aa,MGYG000180434_00226.fasta,64,warmup,False,1,10,38.04,259.9,ERROR: Invalid suffix '_unphysical.xtc'
2631537,t0014,0,1,NVIDIA A100-SXM4-40GB,50-100aa,MGYG000189504_00958.fasta,91,warmup,False,1,10,39.56,194.1,ok
2631537,t0014,0,1,NVIDIA A100-SXM4-40GB,50-100aa,MGYG000189504_00958.fasta,91,sample,True,100,10,39.03,821.7,ok
2631537,t0014,0,1,NVIDIA A100-SXM4-40GB,50-100aa,MGYG000189504_00958.fasta,91,sample,True,100,20,35.63,1499.1,ok
2631537,t0014,0,1,NVIDIA A100-SXM4-40GB,50-100aa,MGYG000189504_00958.fasta,91,sample,True,100,50,32.82,3523.5,ok
2631537,t0014,0,1,NVIDIA A100-SXM4-40GB,50-100aa,MGYG000190757_00999.fasta,81,warmup,False,1,10,29.86,214.8,ok
2631537,t0014,0,1,NVIDIA A100-SXM4-40GB,50-100aa,MGYG000190757_00999.fasta,81,sample,True,100,10,31.63,851.1,ok
2631537,t0014,0,1,NVIDIA A100-SXM4-40GB,50-100aa,MGYG000190757_00999.fasta,81,sample,True,100,20,29.12,1529.5,ok
2631537,t0014,0,1,NVIDIA A100-SXM4-40GB,50-100aa,MGYG000190757_00999.fasta,81,sample,True,100,50,27.62,3592.2,ok
2631537,t0014,0,1,NVIDIA A100-SXM4-40GB,50-100aa,MGYG000193272_01411.fasta,67,warmup,False,1,10,34.29,232.8,ok
2631537,t0014,0,1,NVIDIA A100-SXM4-40GB,50-100aa,MGYG000193272_01411.fasta,67,sample,True,100,10,23.55,895.3,ok
2631537,t0014,0,1,NVIDIA A100-SXM4-40GB,50-100aa,MGYG000193272_01411.fasta,67,sample,True,100,20,21.92,1583.9,ok
2631537,t0014,0,1,NVIDIA A100-SXM4-40GB,50-100aa,MGYG000193272_01411.fasta,67,sample,True,100,50,20.19,3327.1,ok
2631537,t0014,0,1,NVIDIA A100-SXM4-40GB,50-100aa,MGYG000201047_02513.fasta,93,warmup,False,1,10,32.24,292.2,ERROR: Invalid suffix '_unphysical.xtc'
2631537,t0014,0,1,NVIDIA A100-SXM4-40GB,50-100aa,MGYG000201994_02118.fasta,88,warmup,False,1,10,55.77,293.7,ok
2631537,t0014,0,1,NVIDIA A100-SXM4-40GB,50-100aa,MGYG000201994_02118.fasta,88,sample,True,100,10,36.93,879.5,ok
2631537,t0014,0,1,NVIDIA A100-SXM4-40GB,50-100aa,MGYG000201994_02118.fasta,88,sample,True,100,20,32.74,1570.1,ok
2631537,t0014,0,1,NVIDIA A100-SXM4-40GB,50-100aa,MGYG000201994_02118.fasta,88,sample,True,100,50,30.91,3625.0,ok
2631537,t0014,0,1,NVIDIA A100-SXM4-40GB,50-100aa,MGYG000206670_00418.fasta,60,warmup,False,1,10,32.41,162.2,ok
2631537,t0014,0,1,NVIDIA A100-SXM4-40GB,50-100aa,MGYG000206670_00418.fasta,60,sample,True,100,10,19.55,826.2,ok
2631537,t0014,0,1,NVIDIA A100-SXM4-40GB,50-100aa,MGYG000206670_00418.fasta,60,sample,True,100,20,17.94,1535.3,ok
2631537,t0014,0,1,NVIDIA A100-SXM4-40GB,50-100aa,MGYG000206670_00418.fasta,60,sample,True,100,50,17.05,2674.6,ok
2631537,t0014,0,1,NVIDIA A100-SXM4-40GB,50-100aa,MGYG000207868_01254.fasta,83,warmup,False,1,10,31.28,216.2,ERROR: Invalid suffix '_unphysical.xtc'
2631537,t0014,0,1,NVIDIA A100-SXM4-40GB,50-100aa,MGYG000209767_02408.fasta,52,warmup,False,1,10,30.08,196.2,ok
2631537,t0014,0,1,NVIDIA A100-SXM4-40GB,50-100aa,MGYG000209767_02408.fasta,52,sample,True,100,10,15.81,874.6,ok
2631537,t0014,0,1,NVIDIA A100-SXM4-40GB,50-100aa,MGYG000209767_02408.fasta,52,sample,True,100,20,14.94,1588.8,ok
2631537,t0014,0,1,NVIDIA A100-SXM4-40GB,50-100aa,MGYG000209767_02408.fasta,52,sample,True,100,50,14.26,2112.6,ok
2631537,t0014,0,1,NVIDIA A100-SXM4-40GB,50-100aa,MGYG000211706_00971.fasta,59,warmup,False,1,10,31.0,231.7,ok
2631537,t0014,0,1,NVIDIA A100-SXM4-40GB,50-100aa,MGYG000211706_00971.fasta,59,sample,True,100,10,19.06,898.4,ok
2631537,t0014,0,1,NVIDIA A100-SXM4-40GB,50-100aa,MGYG000211706_00971.fasta,59,sample,True,100,20,17.45,1610.3,ok
2631537,t0014,0,1,NVIDIA A100-SXM4-40GB,50-100aa,MGYG000211706_00971.fasta,59,sample,True,100,50,16.68,2663.1,ok
2631537,t0014,0,1,NVIDIA A100-SXM4-40GB,50-100aa,MGYG000217545_01487.fasta,99,warmup,False,1,10,30.42,306.2,ok
2631537,t0014,0,1,NVIDIA A100-SXM4-40GB,50-100aa,MGYG000217545_01487.fasta,99,sample,True,100,10,43.55,910.7,ok
2631537,t0014,0,1,NVIDIA A100-SXM4-40GB,50-100aa,MGYG000217545_01487.fasta,99,sample,True,100,20,39.51,1576.5,ok
2631537,t0014,0,1,NVIDIA A100-SXM4-40GB,50-100aa,MGYG000217545_01487.fasta,99,sample,True,100,50,36.94,3629.7,ok
2631537,t0014,0,1,NVIDIA A100-SXM4-40GB,50-100aa,MGYG000218569_01710.fasta,80,warmup,False,1,10,44.95,181.9,ok
2631537,t0014,0,1,NVIDIA A100-SXM4-40GB,50-100aa,MGYG000218569_01710.fasta,80,sample,True,100,10,31.25,802.9,ok
2631537,t0014,0,1,NVIDIA A100-SXM4-40GB,50-100aa,MGYG000218569_01710.fasta,80,sample,True,100,20,28.66,1508.5,ok
2631537,t0014,0,1,NVIDIA A100-SXM4-40GB,50-100aa,MGYG000218569_01710.fasta,80,sample,True,100,50,27.09,3568.6,ok
2631537,t0014,0,1,NVIDIA A100-SXM4-40GB,50-100aa,MGYG000219372_02229.fasta,80,warmup,False,1,10,32.54,213.7,ok
2631537,t0014,0,1,NVIDIA A100-SXM4-40GB,50-100aa,MGYG000219372_02229.fasta,80,sample,True,100,10,31.25,832.4,ok
2631537,t0014,0,1,NVIDIA A100-SXM4-40GB,50-100aa,MGYG000219372_02229.fasta,80,sample,True,100,20,28.82,1540.7,ok
2631537,t0014,0,1,NVIDIA A100-SXM4-40GB,50-100aa,MGYG000219372_02229.fasta,80,sample,True,100,50,27.06,3599.3,ok
2631537,t0014,0,1,NVIDIA A100-SXM4-40GB,50-100aa,MGYG000222544_01039.fasta,69,warmup,False,1,10,32.41,234.8,ok
2631537,t0014,0,1,NVIDIA A100-SXM4-40GB,50-100aa,MGYG000222544_01039.fasta,69,sample,True,100,10,24.42,900.4,ok
2631537,t0014,0,1,NVIDIA A100-SXM4-40GB,50-100aa,MGYG000222544_01039.fasta,69,sample,True,100,20,22.85,1597.4,ok
2631537,t0014,0,1,NVIDIA A100-SXM4-40GB,50-100aa,MGYG000222544_01039.fasta,69,sample,True,100,50,20.97,3512.1,ok
2631537,t0014,0,1,NVIDIA A100-SXM4-40GB,50-100aa,MGYG000226173_01638.fasta,72,warmup,False,1,10,35.97,267.6,ok
2631537,t0014,0,1,NVIDIA A100-SXM4-40GB,50-100aa,MGYG000226173_01638.fasta,72,sample,True,100,10,26.61,918.6,ok
2631537,t0014,0,1,NVIDIA A100-SXM4-40GB,50-100aa,MGYG000226173_01638.fasta,72,sample,True,100,20,24.08,1604.4,ok
2631537,t0014,0,1,NVIDIA A100-SXM4-40GB,50-100aa,MGYG000226173_01638.fasta,72,sample,True,100,50,23.28,3679.6,ok
2631537,t0014,0,1,NVIDIA A100-SXM4-40GB,50-100aa,MGYG000228248_00836.fasta,90,warmup,False,1,10,53.4,192.0,ERROR: Invalid suffix '_unphysical.xtc'
2631537,t0014,0,1,NVIDIA A100-SXM4-40GB,50-100aa,MGYG000234932_00313.fasta,65,warmup,False,1,10,45.88,174.5,ERROR: Invalid suffix '_unphysical.xtc'
2631537,t0014,0,1,NVIDIA A100-SXM4-40GB,50-100aa,MGYG000240448_00877.fasta,60,warmup,False,1,10,39.11,179.1,ok
2631537,t0014,0,1,NVIDIA A100-SXM4-40GB,50-100aa,MGYG000240448_00877.fasta,60,sample,True,100,10,19.55,842.8,ok
2631537,t0014,0,1,NVIDIA A100-SXM4-40GB,50-100aa,MGYG000240448_00877.fasta,60,sample,True,100,20,17.98,1553.7,ok
2631537,t0014,0,1,NVIDIA A100-SXM4-40GB,50-100aa,MGYG000240448_00877.fasta,60,sample,True,100,50,17.16,2690.8,ok
2631537,t0014,0,1,NVIDIA A100-SXM4-40GB,50-100aa,MGYG000242567_00593.fasta,87,warmup,False,1,10,30.0,236.7,ok
2631537,t0014,0,1,NVIDIA A100-SXM4-40GB,50-100aa,MGYG000242567_00593.fasta,87,sample,True,100,10,35.58,861.3,ok
2631537,t0014,0,1,NVIDIA A100-SXM4-40GB,50-100aa,MGYG000242567_00593.fasta,87,sample,True,100,20,32.36,1538.5,ok
2631537,t0014,0,1,NVIDIA A100-SXM4-40GB,50-100aa,MGYG000242567_00593.fasta,87,sample,True,100,50,30.52,3600.4,ok
2631537,t0014,0,1,NVIDIA A100-SXM4-40GB,50-100aa,MGYG000243056_00033.fasta,80,warmup,False,1,10,30.45,261.8,ok
2631537,t0014,0,1,NVIDIA A100-SXM4-40GB,50-100aa,MGYG000243056_00033.fasta,80,sample,True,100,10,31.25,883.2,ok
2631537,t0014,0,1,NVIDIA A100-SXM4-40GB,50-100aa,MGYG000243056_00033.fasta,80,sample,True,100,20,28.67,1588.7,ok
2631537,t0014,0,1,NVIDIA A100-SXM4-40GB,50-100aa,MGYG000243056_00033.fasta,80,sample,True,100,50,27.01,3647.8,ok
2631537,t0014,0,1,NVIDIA A100-SXM4-40GB,50-100aa,MGYG000248088_00490.fasta,69,warmup,False,1,10,71.91,170.8,ok
2631537,t0014,0,1,NVIDIA A100-SXM4-40GB,50-100aa,MGYG000248088_00490.fasta,69,sample,True,100,10,24.63,837.6,ok
2631537,t0014,0,1,NVIDIA A100-SXM4-40GB,50-100aa,MGYG000248088_00490.fasta,69,sample,True,100,20,23.04,1534.3,ok
2631537,t0014,0,1,NVIDIA A100-SXM4-40GB,50-100aa,MGYG000248088_00490.fasta,69,sample,True,100,50,21.03,3445.9,ok
2631537,t0014,0,1,NVIDIA A100-SXM4-40GB,50-100aa,MGYG000251045_00692.fasta,86,warmup,False,1,10,34.61,220.1,ok
2631537,t0014,0,1,NVIDIA A100-SXM4-40GB,50-100aa,MGYG000251045_00692.fasta,86,sample,True,100,10,34.99,832.2,ok
2631537,t0014,0,1,NVIDIA A100-SXM4-40GB,50-100aa,MGYG000251045_00692.fasta,86,sample,True,100,20,31.75,1545.3,ok
2631537,t0014,0,1,NVIDIA A100-SXM4-40GB,50-100aa,MGYG000251045_00692.fasta,86,sample,True,100,50,30.03,3558.3,ok
2631537,t0014,0,1,NVIDIA A100-SXM4-40GB,50-100aa,MGYG000251184_02596.fasta,59,warmup,False,1,10,29.94,225.2,ok
2631537,t0014,0,1,NVIDIA A100-SXM4-40GB,50-100aa,MGYG000251184_02596.fasta,59,sample,True,100,10,19.21,891.5,ok
2631537,t0014,0,1,NVIDIA A100-SXM4-40GB,50-100aa,MGYG000251184_02596.fasta,59,sample,True,100,20,17.45,1607.2,ok
2631537,t0014,0,1,NVIDIA A100-SXM4-40GB,50-100aa,MGYG000251184_02596.fasta,59,sample,True,100,50,16.72,2657.1,ok
2631537,t0014,0,1,NVIDIA A100-SXM4-40GB,50-100aa,MGYG000257930_00188.fasta,61,warmup,False,1,10,22.07,259.1,ok
2631537,t0014,0,1,NVIDIA A100-SXM4-40GB,50-100aa,MGYG000257930_00188.fasta,61,sample,True,100,10,19.93,915.6,ok
2631537,t0014,0,1,NVIDIA A100-SXM4-40GB,50-100aa,MGYG000257930_00188.fasta,61,sample,True,100,20,18.32,1623.3,ok
2631537,t0014,0,1,NVIDIA A100-SXM4-40GB,50-100aa,MGYG000257930_00188.fasta,61,sample,True,100,50,17.54,2847.6,ok
2631537,t0014,0,1,NVIDIA A100-SXM4-40GB,50-100aa,MGYG000260640_01530.fasta,82,warmup,False,1,10,39.46,183.3,ok
2631537,t0014,0,1,NVIDIA A100-SXM4-40GB,50-100aa,MGYG000260640_01530.fasta,82,sample,True,100,10,33.96,789.5,ok
2631537,t0014,0,1,NVIDIA A100-SXM4-40GB,50-100aa,MGYG000260640_01530.fasta,82,sample,True,100,20,29.84,1484.1,ok
2631537,t0014,0,1,NVIDIA A100-SXM4-40GB,50-100aa,MGYG000260640_01530.fasta,82,sample,True,100,50,28.12,3553.2,ok
2631537,t0014,0,1,NVIDIA A100-SXM4-40GB,50-100aa,MGYG000264570_02440.fasta,79,warmup,False,1,10,47.04,212.7,ok
2631537,t0014,0,1,NVIDIA A100-SXM4-40GB,50-100aa,MGYG000264570_02440.fasta,79,sample,True,100,10,30.96,859.0,ok
2631537,t0014,0,1,NVIDIA A100-SXM4-40GB,50-100aa,MGYG000264570_02440.fasta,79,sample,True,100,20,28.36,1551.7,ok
2631537,t0014,0,1,NVIDIA A100-SXM4-40GB,50-100aa,MGYG000264570_02440.fasta,79,sample,True,100,50,26.49,3602.8,ok
2631537,t0014,0,1,NVIDIA A100-SXM4-40GB,50-100aa,MGYG000264929_03280.fasta,77,warmup,False,1,10,32.16,242.3,ok
2631537,t0014,0,1,NVIDIA A100-SXM4-40GB,50-100aa,MGYG000264929_03280.fasta,77,sample,True,100,10,30.02,858.5,ok
2631537,t0014,0,1,NVIDIA A100-SXM4-40GB,50-100aa,MGYG000264929_03280.fasta,77,sample,True,100,20,28.12,1557.9,ok
2631537,t0014,0,1,NVIDIA A100-SXM4-40GB,50-100aa,MGYG000264929_03280.fasta,77,sample,True,100,50,25.57,3632.4,ok
2631537,t0014,0,1,NVIDIA A100-SXM4-40GB,50-100aa,MGYG000274026_02316.fasta,62,warmup,False,1,10,52.7,260.0,ok
2631537,t0014,0,1,NVIDIA A100-SXM4-40GB,50-100aa,MGYG000274026_02316.fasta,62,sample,True,100,10,20.67,938.1,ok
2631537,t0014,0,1,NVIDIA A100-SXM4-40GB,50-100aa,MGYG000274026_02316.fasta,62,sample,True,100,20,18.71,1639.8,ok
2631537,t0014,0,1,NVIDIA A100-SXM4-40GB,50-100aa,MGYG000274026_02316.fasta,62,sample,True,100,50,17.91,2932.2,ok
2631537,t0014,0,1,NVIDIA A100-SXM4-40GB,50-100aa,MGYG000277069_01504.fasta,69,warmup,False,1,10,40.29,296.5,ok
2631537,t0014,0,1,NVIDIA A100-SXM4-40GB,50-100aa,MGYG000277069_01504.fasta,69,sample,True,100,10,24.57,963.0,ok
2631537,t0014,0,1,NVIDIA A100-SXM4-40GB,50-100aa,MGYG000277069_01504.fasta,69,sample,True,100,20,22.84,1659.3,ok
2631537,t0014,0,1,NVIDIA A100-SXM4-40GB,50-100aa,MGYG000277069_01504.fasta,69,sample,True,100,50,20.97,3571.5,ok
2631537,t0014,0,1,NVIDIA A100-SXM4-40GB,50-100aa,MGYG000282091_01386.fasta,95,warmup,False,1,10,64.48,198.6,ok
2631537,t0014,0,1,NVIDIA A100-SXM4-40GB,50-100aa,MGYG000282091_01386.fasta,95,sample,True,100,10,43.13,817.5,ok
2631537,t0014,0,1,NVIDIA A100-SXM4-40GB,50-100aa,MGYG000282091_01386.fasta,95,sample,True,100,20,37.82,1494.7,ok
2631537,t0014,0,1,NVIDIA A100-SXM4-40GB,50-100aa,MGYG000282091_01386.fasta,95,sample,True,100,50,35.4,3511.9,ok
2631537,t0014,0,1,NVIDIA A100-SXM4-40GB,50-100aa,MGYG000282492_01651.fasta,77,warmup,False,1,10,44.6,209.9,ok
2631537,t0014,0,1,NVIDIA A100-SXM4-40GB,50-100aa,MGYG000282492_01651.fasta,77,sample,True,100,10,30.11,829.6,ok
2631537,t0014,0,1,NVIDIA A100-SXM4-40GB,50-100aa,MGYG000282492_01651.fasta,77,sample,True,100,20,28.09,1527.5,ok
2631537,t0014,0,1,NVIDIA A100-SXM4-40GB,50-100aa,MGYG000282492_01651.fasta,77,sample,True,100,50,25.55,3601.1,ok
2631537,t0014,0,1,NVIDIA A100-SXM4-40GB,50-100aa,MGYG000282918_01106.fasta,91,warmup,False,1,10,42.57,258.3,ERROR: Invalid suffix '_unphysical.xtc'
2631537,t0014,0,1,NVIDIA A100-SXM4-40GB,101-500aa,MGYG000000389_02024.fasta,236,warmup,False,1,10,72.79,574.0,ok
2631537,t0014,0,1,NVIDIA A100-SXM4-40GB,101-500aa,MGYG000000389_02024.fasta,236,sample,True,100,10,249.61,581.7,ok
2631537,t0014,0,1,NVIDIA A100-SXM4-40GB,101-500aa,MGYG000000389_02024.fasta,236,sample,True,100,20,186.6,1316.9,ok
2631537,t0014,0,1,NVIDIA A100-SXM4-40GB,101-500aa,MGYG000000389_02024.fasta,236,sample,True,100,50,170.16,3048.2,ok
2631537,t0014,0,1,NVIDIA A100-SXM4-40GB,101-500aa,MGYG000000574_02893.fasta,293,warmup,False,1,10,61.36,702.0,ok
2631537,t0014,0,1,NVIDIA A100-SXM4-40GB,101-500aa,MGYG000000574_02893.fasta,293,sample,True,100,10,323.05,709.7,ok
2631537,t0014,0,1,NVIDIA A100-SXM4-40GB,101-500aa,MGYG000000574_02893.fasta,293,sample,True,100,20,280.58,1276.9,ok
2631537,t0014,0,1,NVIDIA A100-SXM4-40GB,101-500aa,MGYG000000574_02893.fasta,293,sample,True,100,50,252.4,2954.7,ok
2631537,t0014,0,1,NVIDIA A100-SXM4-40GB,101-500aa,MGYG000001156_00979.fasta,384,warmup,False,1,10,0.66,46.5,ERROR: range() arg 3 must not be zero
2631537,t0014,0,1,NVIDIA A100-SXM4-40GB,101-500aa,MGYG000001491_00676.fasta,127,warmup,False,1,10,52.61,283.6,ok
2631537,t0014,0,1,NVIDIA A100-SXM4-40GB,101-500aa,MGYG000001491_00676.fasta,127,sample,True,100,10,66.81,831.7,ok
2631537,t0014,0,1,NVIDIA A100-SXM4-40GB,101-500aa,MGYG000001491_00676.fasta,127,sample,True,100,20,60.44,1481.6,ok
2631537,t0014,0,1,NVIDIA A100-SXM4-40GB,101-500aa,MGYG000001491_00676.fasta,127,sample,True,100,50,56.52,3527.7,ok
2631537,t0014,0,1,NVIDIA A100-SXM4-40GB,101-500aa,MGYG000001508_03465.fasta,383,warmup,False,1,10,0.59,77.9,ERROR: range() arg 3 must not be zero
2631537,t0014,0,1,NVIDIA A100-SXM4-40GB,101-500aa,MGYG000001616_00567.fasta,194,warmup,False,1,10,85.63,383.8,ok
2631537,t0014,0,1,NVIDIA A100-SXM4-40GB,101-500aa,MGYG000001616_00567.fasta,194,sample,True,100,10,156.47,639.5,ok
2631537,t0014,0,1,NVIDIA A100-SXM4-40GB,101-500aa,MGYG000001616_00567.fasta,194,sample,True,100,20,128.39,1389.7,ok
2631537,t0014,0,1,NVIDIA A100-SXM4-40GB,101-500aa,MGYG000001616_00567.fasta,194,sample,True,100,50,117.38,3366.2,ok
2631537,t0014,0,1,NVIDIA A100-SXM4-40GB,101-500aa,MGYG000001639_00019.fasta,388,warmup,False,1,10,0.62,39.7,ERROR: range() arg 3 must not be zero
2631537,t0014,0,1,NVIDIA A100-SXM4-40GB,101-500aa,MGYG000001794_00139.fasta,265,warmup,False,1,10,84.95,625.8,ERROR: Invalid suffix '_unphysical.xtc'
2631537,t0014,0,1,NVIDIA A100-SXM4-40GB,101-500aa,MGYG000002128_00884.fasta,288,warmup,False,1,10,151.82,715.3,ok
2631537,t0014,0,1,NVIDIA A100-SXM4-40GB,101-500aa,MGYG000002128_00884.fasta,288,sample,True,100,10,311.79,723.0,ok
2631537,t0014,0,1,NVIDIA A100-SXM4-40GB,101-500aa,MGYG000002128_00884.fasta,288,sample,True,100,20,269.72,1271.5,ok
2631537,t0014,0,1,NVIDIA A100-SXM4-40GB,101-500aa,MGYG000002128_00884.fasta,288,sample,True,100,50,241.93,3431.6,ok
2631537,t0014,0,1,NVIDIA A100-SXM4-40GB,101-500aa,MGYG000002150_00580.fasta,400,warmup,False,1,10,0.65,78.2,ERROR: range() arg 3 must not be zero
2631537,t0014,0,1,NVIDIA A100-SXM4-40GB,101-500aa,MGYG000002537_02080.fasta,423,warmup,False,1,10,0.54,78.2,ERROR: range() arg 3 must not be zero
2631537,t0014,0,1,NVIDIA A100-SXM4-40GB,101-500aa,MGYG000002683_01443.fasta,277,warmup,False,1,10,43.14,635.4,ok
2631537,t0014,0,1,NVIDIA A100-SXM4-40GB,101-500aa,MGYG000002683_01443.fasta,277,sample,True,100,10,300.79,644.5,ok
2631537,t0014,0,1,NVIDIA A100-SXM4-40GB,101-500aa,MGYG000002683_01443.fasta,277,sample,True,100,20,256.31,1153.2,ok
2631537,t0014,0,1,NVIDIA A100-SXM4-40GB,101-500aa,MGYG000002683_01443.fasta,277,sample,True,100,50,226.04,3153.3,ok
2631537,t0014,0,1,NVIDIA A100-SXM4-40GB,101-500aa,MGYG000002798_01021.fasta,120,warmup,False,1,10,41.9,265.0,ok
2631537,t0014,0,1,NVIDIA A100-SXM4-40GB,101-500aa,MGYG000002798_01021.fasta,120,sample,True,100,10,62.02,752.2,ok
2631537,t0014,0,1,NVIDIA A100-SXM4-40GB,101-500aa,MGYG000002798_01021.fasta,120,sample,True,100,20,54.51,1433.0,ok
2631537,t0014,0,1,NVIDIA A100-SXM4-40GB,101-500aa,MGYG000002798_01021.fasta,120,sample,True,100,50,50.44,3457.5,ok
2631537,t0014,0,1,NVIDIA A100-SXM4-40GB,101-500aa,MGYG000002818_01096.fasta,267,warmup,False,1,10,121.85,664.9,ok
2631537,t0014,0,1,NVIDIA A100-SXM4-40GB,101-500aa,MGYG000002818_01096.fasta,267,sample,True,100,10,286.96,672.5,ok
2631537,t0014,0,1,NVIDIA A100-SXM4-40GB,101-500aa,MGYG000002818_01096.fasta,267,sample,True,100,20,242.2,1143.5,ok
2631537,t0014,0,1,NVIDIA A100-SXM4-40GB,101-500aa,MGYG000002818_01096.fasta,267,sample,True,100,50,212.0,3468.8,ok
2631537,t0014,0,1,NVIDIA A100-SXM4-40GB,101-500aa,MGYG000003219_01502.fasta,176,warmup,False,1,10,91.92,341.1,ok
2631537,t0014,0,1,NVIDIA A100-SXM4-40GB,101-500aa,MGYG000003219_01502.fasta,176,sample,True,100,10,123.01,759.3,ok
2631537,t0014,0,1,NVIDIA A100-SXM4-40GB,101-500aa,MGYG000003219_01502.fasta,176,sample,True,100,20,108.86,1377.4,ok
2631537,t0014,0,1,NVIDIA A100-SXM4-40GB,101-500aa,MGYG000003219_01502.fasta,176,sample,True,100,50,99.52,3419.5,ok
2631537,t0014,0,1,NVIDIA A100-SXM4-40GB,101-500aa,MGYG000003427_01868.fasta,270,warmup,False,1,10,77.11,642.6,ok
2631537,t0014,0,1,NVIDIA A100-SXM4-40GB,101-500aa,MGYG000003427_01868.fasta,270,sample,True,100,10,291.63,651.5,ok
2631537,t0014,0,1,NVIDIA A100-SXM4-40GB,101-500aa,MGYG000003427_01868.fasta,270,sample,True,100,20,246.9,1135.6,ok
2631537,t0014,0,1,NVIDIA A100-SXM4-40GB,101-500aa,MGYG000003427_01868.fasta,270,sample,True,100,50,216.73,3039.0,ok
2631537,t0014,0,1,NVIDIA A100-SXM4-40GB,101-500aa,MGYG000003642_02547.fasta,138,warmup,False,1,10,54.98,327.4,ok
2631537,t0014,0,1,NVIDIA A100-SXM4-40GB,101-500aa,MGYG000003642_02547.fasta,138,sample,True,100,10,78.49,842.0,ok
2631537,t0014,0,1,NVIDIA A100-SXM4-40GB,101-500aa,MGYG000003642_02547.fasta,138,sample,True,100,20,70.46,1481.2,ok
2631537,t0014,0,1,NVIDIA A100-SXM4-40GB,101-500aa,MGYG000003642_02547.fasta,138,sample,True,100,50,65.58,3508.5,ok
2631537,t0014,0,1,NVIDIA A100-SXM4-40GB,101-500aa,MGYG000003850_00245.fasta,405,warmup,False,1,10,0.61,101.0,ERROR: range() arg 3 must not be zero
2631537,t0014,0,1,NVIDIA A100-SXM4-40GB,101-500aa,MGYG000004094_01358.fasta,412,warmup,False,1,10,0.54,101.0,ERROR: range() arg 3 must not be zero
2631537,t0014,0,1,NVIDIA A100-SXM4-40GB,101-500aa,MGYG000004535_01323.fasta,121,warmup,False,1,10,40.52,329.4,ok
2631537,t0014,0,1,NVIDIA A100-SXM4-40GB,101-500aa,MGYG000004535_01323.fasta,121,sample,True,100,10,62.62,827.8,ok
2631537,t0014,0,1,NVIDIA A100-SXM4-40GB,101-500aa,MGYG000004535_01323.fasta,121,sample,True,100,20,55.13,1518.6,ok
2631537,t0014,0,1,NVIDIA A100-SXM4-40GB,101-500aa,MGYG000004535_01323.fasta,121,sample,True,100,50,53.08,3575.5,ok
2631537,t0014,0,1,NVIDIA A100-SXM4-40GB,101-500aa,MGYG000004707_00711.fasta,169,warmup,False,1,10,36.65,333.8,ok
2631537,t0014,0,1,NVIDIA A100-SXM4-40GB,101-500aa,MGYG000004707_00711.fasta,169,sample,True,100,10,117.34,716.8,ok
2631537,t0014,0,1,NVIDIA A100-SXM4-40GB,101-500aa,MGYG000004707_00711.fasta,169,sample,True,100,20,101.14,1477.6,ok
2631537,t0014,0,1,NVIDIA A100-SXM4-40GB,101-500aa,MGYG000004707_00711.fasta,169,sample,True,100,50,92.59,3364.3,ok
2631537,t0014,0,1,NVIDIA A100-SXM4-40GB,101-500aa,MGYG000004730_00424.fasta,314,warmup,False,1,10,147.37,815.6,ok
2631537,t0014,0,1,NVIDIA A100-SXM4-40GB,101-500aa,MGYG000004730_00424.fasta,314,sample,True,100,10,352.12,824.2,ok
2631537,t0014,0,1,NVIDIA A100-SXM4-40GB,101-500aa,MGYG000004730_00424.fasta,314,sample,True,100,20,309.94,1470.9,ok
2631537,t0014,0,1,NVIDIA A100-SXM4-40GB,101-500aa,MGYG000004730_00424.fasta,314,sample,True,100,50,282.71,3396.0,ok
2631537,t0014,0,1,NVIDIA A100-SXM4-40GB,101-500aa,MGYG000004935_00884.fasta,105,warmup,False,1,10,30.85,280.3,ok
2631537,t0014,0,1,NVIDIA A100-SXM4-40GB,101-500aa,MGYG000004935_00884.fasta,105,sample,True,100,10,49.74,882.7,ok
2631537,t0014,0,1,NVIDIA A100-SXM4-40GB,101-500aa,MGYG000004935_00884.fasta,105,sample,True,100,20,43.66,1557.2,ok
2631537,t0014,0,1,NVIDIA A100-SXM4-40GB,101-500aa,MGYG000004935_00884.fasta,105,sample,True,100,50,41.13,3561.3,ok
2631537,t0014,0,1,NVIDIA A100-SXM4-40GB,101-500aa,MGYG000005397_01025.fasta,119,warmup,False,1,10,58.24,233.0,ok
2631537,t0014,0,1,NVIDIA A100-SXM4-40GB,101-500aa,MGYG000005397_01025.fasta,119,sample,True,100,10,59.97,807.6,ok
2631537,t0014,0,1,NVIDIA A100-SXM4-40GB,101-500aa,MGYG000005397_01025.fasta,119,sample,True,100,20,54.73,1476.5,ok
2631537,t0014,0,1,NVIDIA A100-SXM4-40GB,101-500aa,MGYG000005397_01025.fasta,119,sample,True,100,50,49.9,3469.6,ok
2631537,t0014,0,1,NVIDIA A100-SXM4-40GB,101-500aa,MGYG000005769_00409.fasta,450,warmup,False,1,10,0.59,38.9,ERROR: range() arg 3 must not be zero
2631537,t0014,0,1,NVIDIA A100-SXM4-40GB,101-500aa,MGYG000006023_01230.fasta,358,warmup,False,1,10,0.52,38.9,ERROR: range() arg 3 must not be zero
2631537,t0014,0,1,NVIDIA A100-SXM4-40GB,101-500aa,MGYG000006151_00876.fasta,149,warmup,False,1,10,47.05,316.7,ERROR: Invalid suffix '_unphysical.xtc'
2631537,t0014,0,1,NVIDIA A100-SXM4-40GB,101-500aa,MGYG000008982_00599.fasta,260,warmup,False,1,10,66.92,618.8,ok
2631537,t0014,0,1,NVIDIA A100-SXM4-40GB,101-500aa,MGYG000008982_00599.fasta,260,sample,True,100,10,277.89,625.6,ok
2631537,t0014,0,1,NVIDIA A100-SXM4-40GB,101-500aa,MGYG000008982_00599.fasta,260,sample,True,100,20,232.91,1075.5,ok
2631537,t0014,0,1,NVIDIA A100-SXM4-40GB,101-500aa,MGYG000008982_00599.fasta,260,sample,True,100,50,202.78,3281.2,ok
2631537,t0014,0,1,NVIDIA A100-SXM4-40GB,101-500aa,MGYG000011017_02986.fasta,151,warmup,False,1,10,59.19,359.2,ERROR: Invalid suffix '_unphysical.xtc'
2631537,t0014,0,1,NVIDIA A100-SXM4-40GB,101-500aa,MGYG000011613_01699.fasta,299,warmup,False,1,10,48.71,718.4,ok
2631537,t0014,0,1,NVIDIA A100-SXM4-40GB,101-500aa,MGYG000011613_01699.fasta,299,sample,True,100,10,330.08,725.4,ok
2631537,t0014,0,1,NVIDIA A100-SXM4-40GB,101-500aa,MGYG000011613_01699.fasta,299,sample,True,100,20,288.11,1315.6,ok
2631537,t0014,0,1,NVIDIA A100-SXM4-40GB,101-500aa,MGYG000011613_01699.fasta,299,sample,True,100,50,260.13,3061.7,ok
2631537,t0014,0,1,NVIDIA A100-SXM4-40GB,101-500aa,MGYG000017832_01620.fasta,290,warmup,False,1,10,67.58,714.8,ok
2631537,t0014,0,1,NVIDIA A100-SXM4-40GB,101-500aa,MGYG000017832_01620.fasta,290,sample,True,100,10,317.8,722.9,ok
2631537,t0014,0,1,NVIDIA A100-SXM4-40GB,101-500aa,MGYG000017832_01620.fasta,290,sample,True,100,20,275.44,1280.2,ok
2631537,t0014,0,1,NVIDIA A100-SXM4-40GB,101-500aa,MGYG000017832_01620.fasta,290,sample,True,100,50,248.13,2924.0,ok
2631537,t0014,0,1,NVIDIA A100-SXM4-40GB,101-500aa,MGYG000018992_02079.fasta,186,warmup,False,1,10,83.8,428.2,ok
2631537,t0014,0,1,NVIDIA A100-SXM4-40GB,101-500aa,MGYG000018992_02079.fasta,186,sample,True,100,10,148.14,662.7,ok
2631537,t0014,0,1,NVIDIA A100-SXM4-40GB,101-500aa,MGYG000018992_02079.fasta,186,sample,True,100,20,120.41,1352.8,ok
2631537,t0014,0,1,NVIDIA A100-SXM4-40GB,101-500aa,MGYG000018992_02079.fasta,186,sample,True,100,50,110.32,3404.5,ok
2631537,t0014,0,1,NVIDIA A100-SXM4-40GB,101-500aa,MGYG000020228_01816.fasta,276,warmup,False,1,10,62.93,632.0,ok
2631537,t0014,0,1,NVIDIA A100-SXM4-40GB,101-500aa,MGYG000020228_01816.fasta,276,sample,True,100,10,299.97,641.1,ok
2631537,t0014,0,1,NVIDIA A100-SXM4-40GB,101-500aa,MGYG000020228_01816.fasta,276,sample,True,100,20,255.46,1144.4,ok
2631537,t0014,0,1,NVIDIA A100-SXM4-40GB,101-500aa,MGYG000020228_01816.fasta,276,sample,True,100,50,224.95,3131.3,ok
2631537,t0014,0,1,NVIDIA A100-SXM4-40GB,101-500aa,MGYG000021920_00370.fasta,206,warmup,False,1,10,74.93,445.6,ERROR: Invalid suffix '_unphysical.xtc'
2631537,t0014,0,1,NVIDIA A100-SXM4-40GB,101-500aa,MGYG000023627_01545.fasta,308,warmup,False,1,10,88.93,790.5,ok
2631537,t0014,0,1,NVIDIA A100-SXM4-40GB,101-500aa,MGYG000023627_01545.fasta,308,sample,True,100,10,341.54,797.7,ok
2631537,t0014,0,1,NVIDIA A100-SXM4-40GB,101-500aa,MGYG000023627_01545.fasta,308,sample,True,100,20,301.4,1421.9,ok
2631537,t0014,0,1,NVIDIA A100-SXM4-40GB,101-500aa,MGYG000023627_01545.fasta,308,sample,True,100,50,274.0,3275.6,ok
2631537,t0014,0,1,NVIDIA A100-SXM4-40GB,101-500aa,MGYG000024961_00329.fasta,257,warmup,False,1,10,79.23,567.5,ERROR: Invalid suffix '_unphysical.xtc'
2631537,t0014,0,1,NVIDIA A100-SXM4-40GB,101-500aa,MGYG000025384_01437.fasta,260,warmup,False,1,10,108.92,586.1,ok
2631537,t0014,0,1,NVIDIA A100-SXM4-40GB,101-500aa,MGYG000025384_01437.fasta,260,sample,True,100,10,278.17,594.0,ok
2631537,t0014,0,1,NVIDIA A100-SXM4-40GB,101-500aa,MGYG000025384_01437.fasta,260,sample,True,100,20,233.59,1041.7,ok
2631537,t0014,0,1,NVIDIA A100-SXM4-40GB,101-500aa,MGYG000025384_01437.fasta,260,sample,True,100,50,203.1,3248.5,ok
2631537,t0014,0,1,NVIDIA A100-SXM4-40GB,101-500aa,MGYG000031497_02042.fasta,273,warmup,False,1,10,158.62,662.2,ok
2631537,t0014,0,1,NVIDIA A100-SXM4-40GB,101-500aa,MGYG000031497_02042.fasta,273,sample,True,100,10,294.33,669.0,ok
2631537,t0014,0,1,NVIDIA A100-SXM4-40GB,101-500aa,MGYG000031497_02042.fasta,273,sample,True,100,20,251.22,1162.9,ok
2631537,t0014,0,1,NVIDIA A100-SXM4-40GB,101-500aa,MGYG000031497_02042.fasta,273,sample,True,100,50,220.72,3108.0,ok
2631537,t0014,0,1,NVIDIA A100-SXM4-40GB,101-500aa,MGYG000031672_00084.fasta,243,warmup,False,1,10,148.26,522.3,ok
2631537,t0014,0,1,NVIDIA A100-SXM4-40GB,101-500aa,MGYG000031672_00084.fasta,243,sample,True,100,10,261.25,529.9,ok
2631537,t0014,0,1,NVIDIA A100-SXM4-40GB,101-500aa,MGYG000031672_00084.fasta,243,sample,True,100,20,197.64,1309.5,ok
2631537,t0014,0,1,NVIDIA A100-SXM4-40GB,101-500aa,MGYG000031672_00084.fasta,243,sample,True,100,50,177.93,3241.0,ok
2631537,t0014,0,1,NVIDIA A100-SXM4-40GB,101-500aa,MGYG000051568_00964.fasta,220,warmup,False,1,10,121.27,486.7,ok
2631537,t0014,0,1,NVIDIA A100-SXM4-40GB,101-500aa,MGYG000051568_00964.fasta,220,sample,True,100,10,185.37,810.5,ok
2631537,t0014,0,1,NVIDIA A100-SXM4-40GB,101-500aa,MGYG000051568_00964.fasta,220,sample,True,100,20,162.63,1450.9,ok
2631537,t0014,0,1,NVIDIA A100-SXM4-40GB,101-500aa,MGYG000051568_00964.fasta,220,sample,True,100,50,146.77,3354.4,ok
2631537,t0014,0,1,NVIDIA A100-SXM4-40GB,101-500aa,MGYG000061745_01095.fasta,147,warmup,False,1,10,132.33,343.1,ok
2631537,t0014,0,1,NVIDIA A100-SXM4-40GB,101-500aa,MGYG000061745_01095.fasta,147,sample,True,100,10,91.21,781.5,ok
2631537,t0014,0,1,NVIDIA A100-SXM4-40GB,101-500aa,MGYG000061745_01095.fasta,147,sample,True,100,20,80.2,1503.4,ok
2631537,t0014,0,1,NVIDIA A100-SXM4-40GB,101-500aa,MGYG000061745_01095.fasta,147,sample,True,100,50,72.8,3509.7,ok
2631537,t0014,0,1,NVIDIA A100-SXM4-40GB,101-500aa,MGYG000065599_00399.fasta,102,warmup,False,1,10,61.39,207.5,ok
2631537,t0014,0,1,NVIDIA A100-SXM4-40GB,101-500aa,MGYG000065599_00399.fasta,102,sample,True,100,10,48.3,778.4,ok
2631537,t0014,0,1,NVIDIA A100-SXM4-40GB,101-500aa,MGYG000065599_00399.fasta,102,sample,True,100,20,42.18,1485.0,ok
2631537,t0014,0,1,NVIDIA A100-SXM4-40GB,101-500aa,MGYG000065599_00399.fasta,102,sample,True,100,50,39.49,3520.1,ok
2631537,t0014,0,1,NVIDIA A100-SXM4-40GB,101-500aa,MGYG000075426_00526.fasta,247,warmup,False,1,10,605.17,567.8,ok
2631537,t0014,0,1,NVIDIA A100-SXM4-40GB,101-500aa,MGYG000075426_00526.fasta,247,sample,True,100,10,263.02,575.5,ok
2631537,t0014,0,1,NVIDIA A100-SXM4-40GB,101-500aa,MGYG000075426_00526.fasta,247,sample,True,100,20,199.87,1378.7,ok
2631537,t0014,0,1,NVIDIA A100-SXM4-40GB,101-500aa,MGYG000075426_00526.fasta,247,sample,True,100,50,182.42,3375.5,ok
2631537,t0014,0,1,NVIDIA A100-SXM4-40GB,101-500aa,MGYG000076132_03688.fasta,164,warmup,False,1,10,54.25,377.7,ERROR: Invalid suffix '_unphysical.xtc'
2631537,t0014,0,1,NVIDIA A100-SXM4-40GB,101-500aa,MGYG000078117_01022.fasta,148,warmup,False,1,10,90.04,353.4,ERROR: Invalid suffix '_unphysical.xtc'
2631537,t0014,0,1,NVIDIA A100-SXM4-40GB,101-500aa,MGYG000083600_00853.fasta,155,warmup,False,1,10,42.82,296.1,ok
2631537,t0014,0,1,NVIDIA A100-SXM4-40GB,101-500aa,MGYG000083600_00853.fasta,155,sample,True,100,10,97.58,781.5,ok
2631537,t0014,0,1,NVIDIA A100-SXM4-40GB,101-500aa,MGYG000083600_00853.fasta,155,sample,True,100,20,87.4,1421.9,ok
2631537,t0014,0,1,NVIDIA A100-SXM4-40GB,101-500aa,MGYG000083600_00853.fasta,155,sample,True,100,50,79.51,3333.6,ok
2631537,t0014,0,1,NVIDIA A100-SXM4-40GB,101-500aa,MGYG000087410_00346.fasta,490,warmup,False,1,10,0.61,38.9,ERROR: range() arg 3 must not be zero
2631537,t0014,0,1,NVIDIA A100-SXM4-40GB,101-500aa,MGYG000093724_00343.fasta,167,warmup,False,1,10,68.84,352.7,ok
2631537,t0014,0,1,NVIDIA A100-SXM4-40GB,101-500aa,MGYG000093724_00343.fasta,167,sample,True,100,10,115.52,727.2,ok
2631537,t0014,0,1,NVIDIA A100-SXM4-40GB,101-500aa,MGYG000093724_00343.fasta,167,sample,True,100,20,99.59,1471.2,ok
2631537,t0014,0,1,NVIDIA A100-SXM4-40GB,101-500aa,MGYG000093724_00343.fasta,167,sample,True,100,50,90.64,3314.8,ok
2631537,t0014,0,1,NVIDIA A100-SXM4-40GB,101-500aa,MGYG000099815_03085.fasta,290,warmup,False,1,10,73.69,745.8,ok
2631537,t0014,0,1,NVIDIA A100-SXM4-40GB,101-500aa,MGYG000099815_03085.fasta,290,sample,True,100,10,316.74,755.0,ok
2631537,t0014,0,1,NVIDIA A100-SXM4-40GB,101-500aa,MGYG000099815_03085.fasta,290,sample,True,100,20,275.02,1309.7,ok
2631537,t0014,0,1,NVIDIA A100-SXM4-40GB,101-500aa,MGYG000099815_03085.fasta,290,sample,True,100,50,247.84,2952.4,ok
2631537,t0014,0,1,NVIDIA A100-SXM4-40GB,101-500aa,MGYG000100751_00490.fasta,290,warmup,False,1,10,46.83,779.1,ERROR: Invalid suffix '_unphysical.xtc'
2631537,t0014,0,1,NVIDIA A100-SXM4-40GB,101-500aa,MGYG000110538_01629.fasta,114,warmup,False,1,10,26.58,232.9,ok
2631537,t0014,0,1,NVIDIA A100-SXM4-40GB,101-500aa,MGYG000110538_01629.fasta,114,sample,True,100,10,56.97,761.8,ok
2631537,t0014,0,1,NVIDIA A100-SXM4-40GB,101-500aa,MGYG000110538_01629.fasta,114,sample,True,100,20,50.22,1465.7,ok
2631537,t0014,0,1,NVIDIA A100-SXM4-40GB,101-500aa,MGYG000110538_01629.fasta,114,sample,True,100,50,46.9,3471.3,ok
2631537,t0014,0,1,NVIDIA A100-SXM4-40GB,101-500aa,MGYG000111708_00090.fasta,112,warmup,False,1,10,49.9,260.9,ok
2631537,t0014,0,1,NVIDIA A100-SXM4-40GB,101-500aa,MGYG000111708_00090.fasta,112,sample,True,100,10,55.52,774.4,ok
2631537,t0014,0,1,NVIDIA A100-SXM4-40GB,101-500aa,MGYG000111708_00090.fasta,112,sample,True,100,20,49.18,1453.3,ok
2631537,t0014,0,1,NVIDIA A100-SXM4-40GB,101-500aa,MGYG000111708_00090.fasta,112,sample,True,100,50,45.4,3474.7,ok
2631537,t0014,0,1,NVIDIA A100-SXM4-40GB,101-500aa,MGYG000112188_00571.fasta,386,warmup,False,1,10,0.57,78.3,ERROR: range() arg 3 must not be zero
2631537,t0014,0,1,NVIDIA A100-SXM4-40GB,101-500aa,MGYG000115704_01034.fasta,267,warmup,False,1,10,89.49,672.9,ok
2631537,t0014,0,1,NVIDIA A100-SXM4-40GB,101-500aa,MGYG000115704_01034.fasta,267,sample,True,100,10,286.07,680.3,ok
2631537,t0014,0,1,NVIDIA A100-SXM4-40GB,101-500aa,MGYG000115704_01034.fasta,267,sample,True,100,20,242.27,1150.5,ok
2631537,t0014,0,1,NVIDIA A100-SXM4-40GB,101-500aa,MGYG000115704_01034.fasta,267,sample,True,100,50,211.76,3476.2,ok
2631537,t0014,0,1,NVIDIA A100-SXM4-40GB,101-500aa,MGYG000120918_01399.fasta,319,warmup,False,1,10,0.61,109.0,ERROR: range() arg 3 must not be zero
2631537,t0014,0,1,NVIDIA A100-SXM4-40GB,101-500aa,MGYG000124855_00708.fasta,194,warmup,False,1,10,78.64,383.8,ERROR: Invalid suffix '_unphysical.xtc'
2631537,t0014,0,1,NVIDIA A100-SXM4-40GB,101-500aa,MGYG000126443_01085.fasta,188,warmup,False,1,10,65.4,378.6,ERROR: Invalid suffix '_unphysical.xtc'
2631537,t0014,0,1,NVIDIA A100-SXM4-40GB,101-500aa,MGYG000130047_00584.fasta,124,warmup,False,1,10,48.85,255.4,ok
2631537,t0014,0,1,NVIDIA A100-SXM4-40GB,101-500aa,MGYG000130047_00584.fasta,124,sample,True,100,10,64.33,780.6,ok
2631537,t0014,0,1,NVIDIA A100-SXM4-40GB,101-500aa,MGYG000130047_00584.fasta,124,sample,True,100,20,57.04,1500.6,ok
2631537,t0014,0,1,NVIDIA A100-SXM4-40GB,101-500aa,MGYG000130047_00584.fasta,124,sample,True,100,50,54.27,3452.9,ok
2631537,t0014,0,1,NVIDIA A100-SXM4-40GB,101-500aa,MGYG000131957_01082.fasta,107,warmup,False,1,10,225.21,263.6,ERROR: Invalid suffix '_unphysical.xtc'
2631537,t0014,0,1,NVIDIA A100-SXM4-40GB,101-500aa,MGYG000132111_00088.fasta,348,warmup,False,1,10,0.63,62.8,ERROR: range() arg 3 must not be zero
2631537,t0014,0,1,NVIDIA A100-SXM4-40GB,101-500aa,MGYG000140052_01095.fasta,279,warmup,False,1,10,98.6,699.5,ok
2631537,t0014,0,1,NVIDIA A100-SXM4-40GB,101-500aa,MGYG000140052_01095.fasta,279,sample,True,100,10,300.22,708.8,ok
2631537,t0014,0,1,NVIDIA A100-SXM4-40GB,101-500aa,MGYG000140052_01095.fasta,279,sample,True,100,20,261.92,1221.9,ok
2631537,t0014,0,1,NVIDIA A100-SXM4-40GB,101-500aa,MGYG000140052_01095.fasta,279,sample,True,100,50,229.69,3180.8,ok
2631537,t0014,0,1,NVIDIA A100-SXM4-40GB,101-500aa,MGYG000150964_01360.fasta,458,warmup,False,1,10,0.66,23.5,ERROR: range() arg 3 must not be zero
2631537,t0014,0,1,NVIDIA A100-SXM4-40GB,101-500aa,MGYG000155729_00771.fasta,421,warmup,False,1,10,0.53,23.5,ERROR: range() arg 3 must not be zero
2631537,t0014,0,1,NVIDIA A100-SXM4-40GB,101-500aa,MGYG000157660_00216.fasta,444,warmup,False,1,10,0.53,23.5,ERROR: range() arg 3 must not be zero
2631537,t0014,0,1,NVIDIA A100-SXM4-40GB,101-500aa,MGYG000158567_00201.fasta,139,warmup,False,1,10,32.45,281.2,ok
2631537,t0014,0,1,NVIDIA A100-SXM4-40GB,101-500aa,MGYG000158567_00201.fasta,139,sample,True,100,10,78.82,803.2,ok
2631537,t0014,0,1,NVIDIA A100-SXM4-40GB,101-500aa,MGYG000158567_00201.fasta,139,sample,True,100,20,71.29,1450.8,ok
2631537,t0014,0,1,NVIDIA A100-SXM4-40GB,101-500aa,MGYG000158567_00201.fasta,139,sample,True,100,50,68.39,3378.6,ok
2631537,t0014,0,1,NVIDIA A100-SXM4-40GB,101-500aa,MGYG000158614_01029.fasta,333,warmup,False,1,10,0.63,54.2,ERROR: range() arg 3 must not be zero
2631537,t0014,0,1,NVIDIA A100-SXM4-40GB,101-500aa,MGYG000158654_01054.fasta,278,warmup,False,1,10,199.08,685.8,ERROR: Invalid suffix '_unphysical.xtc'
2631537,t0014,0,1,NVIDIA A100-SXM4-40GB,101-500aa,MGYG000161054_00826.fasta,163,warmup,False,1,10,46.37,368.2,ok
2631537,t0014,0,1,NVIDIA A100-SXM4-40GB,101-500aa,MGYG000161054_00826.fasta,163,sample,True,100,10,111.59,725.2,ok
2631537,t0014,0,1,NVIDIA A100-SXM4-40GB,101-500aa,MGYG000161054_00826.fasta,163,sample,True,100,20,95.08,1436.5,ok
2631537,t0014,0,1,NVIDIA A100-SXM4-40GB,101-500aa,MGYG000161054_00826.fasta,163,sample,True,100,50,87.43,3368.6,ok
2631537,t0014,0,1,NVIDIA A100-SXM4-40GB,101-500aa,MGYG000166692_01541.fasta,294,warmup,False,1,10,294.3,699.1,ok
2631537,t0014,0,1,NVIDIA A100-SXM4-40GB,101-500aa,MGYG000166692_01541.fasta,294,sample,True,100,10,323.6,706.0,ok
2631537,t0014,0,1,NVIDIA A100-SXM4-40GB,101-500aa,MGYG000166692_01541.fasta,294,sample,True,100,20,280.92,1276.6,ok
2631537,t0014,0,1,NVIDIA A100-SXM4-40GB,101-500aa,MGYG000166692_01541.fasta,294,sample,True,100,50,253.43,2966.3,ok
2631537,t0014,0,1,NVIDIA A100-SXM4-40GB,101-500aa,MGYG000172104_03048.fasta,110,warmup,False,1,10,48.69,251.5,ERROR: Invalid suffix '_unphysical.xtc'
2631537,t0014,0,1,NVIDIA A100-SXM4-40GB,101-500aa,MGYG000176001_00991.fasta,136,warmup,False,1,10,39.58,299.8,ok
2631537,t0014,0,1,NVIDIA A100-SXM4-40GB,101-500aa,MGYG000176001_00991.fasta,136,sample,True,100,10,76.93,800.4,ok
2631537,t0014,0,1,NVIDIA A100-SXM4-40GB,101-500aa,MGYG000176001_00991.fasta,136,sample,True,100,20,68.98,1418.9,ok
2631537,t0014,0,1,NVIDIA A100-SXM4-40GB,101-500aa,MGYG000176001_00991.fasta,136,sample,True,100,50,63.92,3514.3,ok
2631537,t0014,0,1,NVIDIA A100-SXM4-40GB,101-500aa,MGYG000182131_01094.fasta,370,warmup,False,1,10,0.62,77.7,ERROR: range() arg 3 must not be zero
2631537,t0014,0,1,NVIDIA A100-SXM4-40GB,101-500aa,MGYG000183640_01366.fasta,270,warmup,False,1,10,139.09,682.9,ERROR: Invalid suffix '_unphysical.xtc'
2631537,t0014,0,1,NVIDIA A100-SXM4-40GB,101-500aa,MGYG000186832_02870.fasta,187,warmup,False,1,10,81.14,367.2,ok
2631537,t0014,0,1,NVIDIA A100-SXM4-40GB,101-500aa,MGYG000186832_02870.fasta,187,sample,True,100,10,149.43,605.3,ok
2631537,t0014,0,1,NVIDIA A100-SXM4-40GB,101-500aa,MGYG000186832_02870.fasta,187,sample,True,100,20,121.79,1299.9,ok
2631537,t0014,0,1,NVIDIA A100-SXM4-40GB,101-500aa,MGYG000186832_02870.fasta,187,sample,True,100,50,111.47,3372.6,ok
2631537,t0014,0,1,NVIDIA A100-SXM4-40GB,101-500aa,MGYG000189718_01902.fasta,202,warmup,False,1,10,78.35,435.2,ok
2631537,t0014,0,1,NVIDIA A100-SXM4-40GB,101-500aa,MGYG000189718_01902.fasta,202,sample,True,100,10,163.17,709.3,ok
2631537,t0014,0,1,NVIDIA A100-SXM4-40GB,101-500aa,MGYG000189718_01902.fasta,202,sample,True,100,20,139.76,1254.1,ok
2631537,t0014,0,1,NVIDIA A100-SXM4-40GB,101-500aa,MGYG000189718_01902.fasta,202,sample,True,100,50,126.82,3395.6,ok
2631537,t0014,0,1,NVIDIA A100-SXM4-40GB,101-500aa,MGYG000192752_01749.fasta,327,warmup,False,1,10,0.63,69.6,ERROR: range() arg 3 must not be zero
2631537,t0014,0,1,NVIDIA A100-SXM4-40GB,101-500aa,MGYG000204390_00896.fasta,336,warmup,False,1,10,0.55,69.6,ERROR: range() arg 3 must not be zero
2631537,t0014,0,1,NVIDIA A100-SXM4-40GB,101-500aa,MGYG000205212_01187.fasta,450,warmup,False,1,10,0.57,69.6,ERROR: range() arg 3 must not be zero
2631537,t0014,0,1,NVIDIA A100-SXM4-40GB,101-500aa,MGYG000213687_01149.fasta,499,warmup,False,1,10,0.67,69.6,ERROR: range() arg 3 must not be zero
2631537,t0014,0,1,NVIDIA A100-SXM4-40GB,101-500aa,MGYG000214100_00933.fasta,251,warmup,False,1,10,74.63,609.0,ERROR: Invalid suffix '_unphysical.xtc'
2631537,t0014,0,1,NVIDIA A100-SXM4-40GB,101-500aa,MGYG000218571_00239.fasta,396,warmup,False,1,10,0.64,77.3,ERROR: range() arg 3 must not be zero
2631537,t0014,0,1,NVIDIA A100-SXM4-40GB,101-500aa,MGYG000228680_00789.fasta,141,warmup,False,1,10,74.04,339.1,ok
2631537,t0014,0,1,NVIDIA A100-SXM4-40GB,101-500aa,MGYG000228680_00789.fasta,141,sample,True,100,10,80.49,876.1,ok
2631537,t0014,0,1,NVIDIA A100-SXM4-40GB,101-500aa,MGYG000228680_00789.fasta,141,sample,True,100,20,72.83,1542.0,ok
2631537,t0014,0,1,NVIDIA A100-SXM4-40GB,101-500aa,MGYG000228680_00789.fasta,141,sample,True,100,50,67.79,3524.2,ok
2631537,t0014,0,1,NVIDIA A100-SXM4-40GB,101-500aa,MGYG000229356_01083.fasta,306,warmup,False,1,10,237.66,745.4,ERROR: Invalid suffix '_unphysical.xtc'
2631537,t0014,0,1,NVIDIA A100-SXM4-40GB,101-500aa,MGYG000234669_02814.fasta,277,warmup,False,1,10,91.62,644.5,ok
2631537,t0014,0,1,NVIDIA A100-SXM4-40GB,101-500aa,MGYG000234669_02814.fasta,277,sample,True,100,10,299.18,651.3,ok
2631537,t0014,0,1,NVIDIA A100-SXM4-40GB,101-500aa,MGYG000234669_02814.fasta,277,sample,True,100,20,256.48,1160.6,ok
2631537,t0014,0,1,NVIDIA A100-SXM4-40GB,101-500aa,MGYG000234669_02814.fasta,277,sample,True,100,50,225.66,3162.3,ok
2631537,t0014,0,1,NVIDIA A100-SXM4-40GB,101-500aa,MGYG000236325_00819.fasta,373,warmup,False,1,10,0.6,47.2,ERROR: range() arg 3 must not be zero
2631537,t0014,0,1,NVIDIA A100-SXM4-40GB,101-500aa,MGYG000240800_00708.fasta,418,warmup,False,1,10,0.56,47.2,ERROR: range() arg 3 must not be zero
2631537,t0014,0,1,NVIDIA A100-SXM4-40GB,101-500aa,MGYG000240969_02022.fasta,178,warmup,False,1,10,51.55,387.4,ok
2631537,t0014,0,1,NVIDIA A100-SXM4-40GB,101-500aa,MGYG000240969_02022.fasta,178,sample,True,100,10,124.42,811.9,ok
2631537,t0014,0,1,NVIDIA A100-SXM4-40GB,101-500aa,MGYG000240969_02022.fasta,178,sample,True,100,20,110.39,1443.2,ok
2631537,t0014,0,1,NVIDIA A100-SXM4-40GB,101-500aa,MGYG000240969_02022.fasta,178,sample,True,100,50,101.55,3326.3,ok
2631537,t0014,0,1,NVIDIA A100-SXM4-40GB,101-500aa,MGYG000251206_01308.fasta,337,warmup,False,1,10,0.59,78.7,ERROR: range() arg 3 must not be zero
2631537,t0014,0,1,NVIDIA A100-SXM4-40GB,101-500aa,MGYG000251420_01070.fasta,104,warmup,False,1,10,37.32,209.6,ok
2631537,t0014,0,1,NVIDIA A100-SXM4-40GB,101-500aa,MGYG000251420_01070.fasta,104,sample,True,100,10,49.14,802.9,ok
2631537,t0014,0,1,NVIDIA A100-SXM4-40GB,101-500aa,MGYG000251420_01070.fasta,104,sample,True,100,20,43.05,1463.6,ok
2631537,t0014,0,1,NVIDIA A100-SXM4-40GB,101-500aa,MGYG000251420_01070.fasta,104,sample,True,100,50,40.45,3505.2,ok
2631537,t0014,0,1,NVIDIA A100-SXM4-40GB,101-500aa,MGYG000252235_00511.fasta,114,warmup,False,1,10,44.28,256.4,ok
2631537,t0014,0,1,NVIDIA A100-SXM4-40GB,101-500aa,MGYG000252235_00511.fasta,114,sample,True,100,10,56.64,787.8,ok
2631537,t0014,0,1,NVIDIA A100-SXM4-40GB,101-500aa,MGYG000252235_00511.fasta,114,sample,True,100,20,50.11,1488.5,ok
2631537,t0014,0,1,NVIDIA A100-SXM4-40GB,101-500aa,MGYG000252235_00511.fasta,114,sample,True,100,50,46.85,3495.0,ok
2631537,t0014,0,1,NVIDIA A100-SXM4-40GB,101-500aa,MGYG000252524_01033.fasta,306,warmup,False,1,10,145.11,806.9,ok
2631537,t0014,0,1,NVIDIA A100-SXM4-40GB,101-500aa,MGYG000252524_01033.fasta,306,sample,True,100,10,341.84,816.6,ok
2631537,t0014,0,1,NVIDIA A100-SXM4-40GB,101-500aa,MGYG000252524_01033.fasta,306,sample,True,100,20,297.44,1432.9,ok
2631537,t0014,0,1,NVIDIA A100-SXM4-40GB,101-500aa,MGYG000252524_01033.fasta,306,sample,True,100,50,271.75,3263.0,ok
2631537,t0014,0,1,NVIDIA A100-SXM4-40GB,101-500aa,MGYG000256624_00795.fasta,112,warmup,False,1,10,42.15,317.2,ok
2631537,t0014,0,1,NVIDIA A100-SXM4-40GB,101-500aa,MGYG000256624_00795.fasta,112,sample,True,100,10,55.89,830.6,ok
2631537,t0014,0,1,NVIDIA A100-SXM4-40GB,101-500aa,MGYG000256624_00795.fasta,112,sample,True,100,20,49.07,1507.4,ok
2631537,t0014,0,1,NVIDIA A100-SXM4-40GB,101-500aa,MGYG000256624_00795.fasta,112,sample,True,100,50,45.32,3530.4,ok
2631537,t0014,0,1,NVIDIA A100-SXM4-40GB,101-500aa,MGYG000259345_01442.fasta,146,warmup,False,1,10,64.91,279.5,ERROR: Invalid suffix '_unphysical.xtc'
2631537,t0014,0,1,NVIDIA A100-SXM4-40GB,101-500aa,MGYG000262500_00686.fasta,314,warmup,False,1,10,72.23,785.2,ERROR: Invalid suffix '_unphysical.xtc'
2631537,t0014,0,1,NVIDIA A100-SXM4-40GB,101-500aa,MGYG000269003_00007.fasta,418,warmup,False,1,10,0.62,23.5,ERROR: range() arg 3 must not be zero
2631537,t0014,0,1,NVIDIA A100-SXM4-40GB,101-500aa,MGYG000273026_00368.fasta,283,warmup,False,1,10,58.87,674.6,ok
2631537,t0014,0,1,NVIDIA A100-SXM4-40GB,101-500aa,MGYG000273026_00368.fasta,283,sample,True,100,10,305.16,682.3,ok
2631537,t0014,0,1,NVIDIA A100-SXM4-40GB,101-500aa,MGYG000273026_00368.fasta,283,sample,True,100,20,262.87,1212.5,ok
2631537,t0014,0,1,NVIDIA A100-SXM4-40GB,101-500aa,MGYG000273026_00368.fasta,283,sample,True,100,50,234.82,3299.1,ok
2631537,t0014,0,1,NVIDIA A100-SXM4-40GB,101-500aa,MGYG000276097_00362.fasta,416,warmup,False,1,10,0.67,54.2,ERROR: range() arg 3 must not be zero
2631537,t0014,0,1,NVIDIA A100-SXM4-40GB,101-500aa,MGYG000280200_00190.fasta,196,warmup,False,1,10,51.26,435.1,ok
2631537,t0014,0,1,NVIDIA A100-SXM4-40GB,101-500aa,MGYG000280200_00190.fasta,196,sample,True,100,10,157.3,696.4,ok
2631537,t0014,0,1,NVIDIA A100-SXM4-40GB,101-500aa,MGYG000280200_00190.fasta,196,sample,True,100,20,131.95,1459.8,ok
2631537,t0014,0,1,NVIDIA A100-SXM4-40GB,101-500aa,MGYG000280200_00190.fasta,196,sample,True,100,50,119.19,3416.6,ok
2631537,t0014,0,1,NVIDIA A100-SXM4-40GB,101-500aa,MGYG000283232_01395.fasta,305,warmup,False,1,10,47.56,758.0,ok
2631537,t0014,0,1,NVIDIA A100-SXM4-40GB,101-500aa,MGYG000283232_01395.fasta,305,sample,True,100,10,338.55,765.7,ok
2631537,t0014,0,1,NVIDIA A100-SXM4-40GB,101-500aa,MGYG000283232_01395.fasta,305,sample,True,100,20,297.13,1378.0,ok
2631537,t0014,0,1,NVIDIA A100-SXM4-40GB,101-500aa,MGYG000283232_01395.fasta,305,sample,True,100,50,269.03,3195.6,ok
2631537,t0014,0,1,NVIDIA A100-SXM4-40GB,101-500aa,MGYG000286848_00796.fasta,240,warmup,False,1,10,65.66,559.1,ERROR: Invalid suffix '_unphysical.xtc'
2631537,t0014,0,1,NVIDIA A100-SXM4-40GB,501-1000aa,MGYG000000477_01569.fasta,569,warmup,False,1,10,0.64,62.0,ERROR: range() arg 3 must not be zero
2631537,t0014,0,1,NVIDIA A100-SXM4-40GB,501-1000aa,MGYG000000619_00976.fasta,540,warmup,False,1,10,0.55,62.0,ERROR: range() arg 3 must not be zero
2631537,t0014,0,1,NVIDIA A100-SXM4-40GB,501-1000aa,MGYG000001250_01095.fasta,778,warmup,False,1,10,0.54,62.0,ERROR: range() arg 3 must not be zero
2631537,t0014,0,1,NVIDIA A100-SXM4-40GB,501-1000aa,MGYG000001451_04612.fasta,814,warmup,False,1,10,0.54,62.0,ERROR: range() arg 3 must not be zero
2631537,t0014,0,1,NVIDIA A100-SXM4-40GB,501-1000aa,MGYG000001479_01649.fasta,668,warmup,False,1,10,0.54,62.0,ERROR: range() arg 3 must not be zero
2631537,t0014,0,1,NVIDIA A100-SXM4-40GB,501-1000aa,MGYG000001482_02906.fasta,646,warmup,False,1,10,0.55,62.0,ERROR: range() arg 3 must not be zero
2631537,t0014,0,1,NVIDIA A100-SXM4-40GB,501-1000aa,MGYG000001853_00498.fasta,545,warmup,False,1,10,0.54,62.0,ERROR: range() arg 3 must not be zero
2631537,t0014,0,1,NVIDIA A100-SXM4-40GB,501-1000aa,MGYG000002216_01311.fasta,534,warmup,False,1,10,0.54,62.0,ERROR: range() arg 3 must not be zero
2631537,t0014,0,1,NVIDIA A100-SXM4-40GB,501-1000aa,MGYG000002256_01747.fasta,650,warmup,False,1,10,0.54,62.0,ERROR: range() arg 3 must not be zero
2631537,t0014,0,1,NVIDIA A100-SXM4-40GB,501-1000aa,MGYG000002877_01818.fasta,537,warmup,False,1,10,0.54,62.0,ERROR: range() arg 3 must not be zero
2631537,t0014,0,1,NVIDIA A100-SXM4-40GB,501-1000aa,MGYG000003023_00270.fasta,849,warmup,False,1,10,0.55,62.0,ERROR: range() arg 3 must not be zero
2631537,t0014,0,1,NVIDIA A100-SXM4-40GB,501-1000aa,MGYG000003024_00907.fasta,800,warmup,False,1,10,0.55,62.0,ERROR: range() arg 3 must not be zero
2631537,t0014,0,1,NVIDIA A100-SXM4-40GB,501-1000aa,MGYG000003323_01858.fasta,665,warmup,False,1,10,0.55,62.0,ERROR: range() arg 3 must not be zero
2631537,t0014,0,1,NVIDIA A100-SXM4-40GB,501-1000aa,MGYG000003532_00555.fasta,736,warmup,False,1,10,0.54,62.0,ERROR: range() arg 3 must not be zero
2631537,t0014,0,1,NVIDIA A100-SXM4-40GB,501-1000aa,MGYG000003575_01793.fasta,982,warmup,False,1,10,0.54,62.0,ERROR: range() arg 3 must not be zero
2631537,t0014,0,1,NVIDIA A100-SXM4-40GB,501-1000aa,MGYG000003604_00576.fasta,549,warmup,False,1,10,0.6,62.0,ERROR: range() arg 3 must not be zero
2631537,t0014,0,1,NVIDIA A100-SXM4-40GB,501-1000aa,MGYG000003716_00457.fasta,636,warmup,False,1,10,0.55,62.0,ERROR: range() arg 3 must not be zero
2631537,t0014,0,1,NVIDIA A100-SXM4-40GB,501-1000aa,MGYG000003985_01369.fasta,554,warmup,False,1,10,0.56,62.0,ERROR: range() arg 3 must not be zero
2631537,t0014,0,1,NVIDIA A100-SXM4-40GB,501-1000aa,MGYG000003989_01056.fasta,708,warmup,False,1,10,0.54,62.0,ERROR: range() arg 3 must not be zero
2631537,t0014,0,1,NVIDIA A100-SXM4-40GB,501-1000aa,MGYG000004715_00520.fasta,506,warmup,False,1,10,0.54,62.0,ERROR: range() arg 3 must not be zero
2631537,t0014,0,1,NVIDIA A100-SXM4-40GB,501-1000aa,MGYG000004730_00038.fasta,515,warmup,False,1,10,0.55,62.0,ERROR: range() arg 3 must not be zero
2631537,t0014,0,1,NVIDIA A100-SXM4-40GB,501-1000aa,MGYG000004828_01686.fasta,600,warmup,False,1,10,0.55,62.0,ERROR: range() arg 3 must not be zero
2631537,t0014,0,1,NVIDIA A100-SXM4-40GB,501-1000aa,MGYG000005526_01292.fasta,566,warmup,False,1,10,0.54,62.0,ERROR: range() arg 3 must not be zero
2631537,t0014,0,1,NVIDIA A100-SXM4-40GB,501-1000aa,MGYG000006153_01783.fasta,923,warmup,False,1,10,0.54,62.0,ERROR: range() arg 3 must not be zero
2631537,t0014,0,1,NVIDIA A100-SXM4-40GB,501-1000aa,MGYG000006522_02226.fasta,575,warmup,False,1,10,0.54,62.0,ERROR: range() arg 3 must not be zero
2631537,t0014,0,1,NVIDIA A100-SXM4-40GB,501-1000aa,MGYG000006583_00129.fasta,734,warmup,False,1,10,0.54,62.0,ERROR: range() arg 3 must not be zero
2631537,t0014,0,1,NVIDIA A100-SXM4-40GB,501-1000aa,MGYG000008765_01472.fasta,682,warmup,False,1,10,0.55,62.0,ERROR: range() arg 3 must not be zero
2631537,t0014,0,1,NVIDIA A100-SXM4-40GB,501-1000aa,MGYG000009775_00175.fasta,694,warmup,False,1,10,0.54,62.0,ERROR: range() arg 3 must not be zero
2631537,t0014,0,1,NVIDIA A100-SXM4-40GB,501-1000aa,MGYG000009853_01533.fasta,650,warmup,False,1,10,0.55,62.0,ERROR: range() arg 3 must not be zero
2631537,t0014,0,1,NVIDIA A100-SXM4-40GB,501-1000aa,MGYG000012233_00909.fasta,923,warmup,False,1,10,0.53,62.0,ERROR: range() arg 3 must not be zero
2631537,t0014,0,1,NVIDIA A100-SXM4-40GB,501-1000aa,MGYG000017549_01319.fasta,799,warmup,False,1,10,0.54,62.0,ERROR: range() arg 3 must not be zero
2631537,t0014,0,1,NVIDIA A100-SXM4-40GB,501-1000aa,MGYG000019095_00626.fasta,710,warmup,False,1,10,0.54,62.0,ERROR: range() arg 3 must not be zero
2631537,t0014,0,1,NVIDIA A100-SXM4-40GB,501-1000aa,MGYG000022874_00065.fasta,856,warmup,False,1,10,0.54,62.0,ERROR: range() arg 3 must not be zero
2631537,t0014,0,1,NVIDIA A100-SXM4-40GB,501-1000aa,MGYG000031692_00927.fasta,641,warmup,False,1,10,0.54,62.0,ERROR: range() arg 3 must not be zero
2631537,t0014,0,1,NVIDIA A100-SXM4-40GB,501-1000aa,MGYG000038105_00446.fasta,559,warmup,False,1,10,0.55,62.0,ERROR: range() arg 3 must not be zero
2631537,t0014,0,1,NVIDIA A100-SXM4-40GB,501-1000aa,MGYG000040454_00086.fasta,850,warmup,False,1,10,0.54,62.0,ERROR: range() arg 3 must not be zero
2631537,t0014,0,1,NVIDIA A100-SXM4-40GB,501-1000aa,MGYG000043169_00815.fasta,814,warmup,False,1,10,0.55,62.0,ERROR: range() arg 3 must not be zero
2631537,t0014,0,1,NVIDIA A100-SXM4-40GB,501-1000aa,MGYG000043979_00749.fasta,501,warmup,False,1,10,0.56,62.0,ERROR: range() arg 3 must not be zero
2631537,t0014,0,1,NVIDIA A100-SXM4-40GB,501-1000aa,MGYG000046849_01557.fasta,935,warmup,False,1,10,0.55,62.0,ERROR: range() arg 3 must not be zero
2631537,t0014,0,1,NVIDIA A100-SXM4-40GB,501-1000aa,MGYG000049202_00753.fasta,804,warmup,False,1,10,0.55,62.0,ERROR: range() arg 3 must not be zero
2631537,t0014,0,1,NVIDIA A100-SXM4-40GB,501-1000aa,MGYG000053883_00634.fasta,699,warmup,False,1,10,0.54,62.0,ERROR: range() arg 3 must not be zero
2631537,t0014,0,1,NVIDIA A100-SXM4-40GB,501-1000aa,MGYG000054322_02972.fasta,631,warmup,False,1,10,0.56,62.0,ERROR: range() arg 3 must not be zero
2631537,t0014,0,1,NVIDIA A100-SXM4-40GB,501-1000aa,MGYG000072929_01246.fasta,657,warmup,False,1,10,0.54,62.0,ERROR: range() arg 3 must not be zero
2631537,t0014,0,1,NVIDIA A100-SXM4-40GB,501-1000aa,MGYG000074455_00771.fasta,894,warmup,False,1,10,0.54,62.0,ERROR: range() arg 3 must not be zero
2631537,t0014,0,1,NVIDIA A100-SXM4-40GB,501-1000aa,MGYG000079053_01315.fasta,596,warmup,False,1,10,0.54,62.0,ERROR: range() arg 3 must not be zero
2631537,t0014,0,1,NVIDIA A100-SXM4-40GB,501-1000aa,MGYG000080563_02017.fasta,604,warmup,False,1,10,0.54,62.0,ERROR: range() arg 3 must not be zero
2631537,t0014,0,1,NVIDIA A100-SXM4-40GB,501-1000aa,MGYG000082556_02567.fasta,643,warmup,False,1,10,0.54,62.0,ERROR: range() arg 3 must not be zero
2631537,t0014,0,1,NVIDIA A100-SXM4-40GB,501-1000aa,MGYG000084441_00648.fasta,656,warmup,False,1,10,0.54,62.0,ERROR: range() arg 3 must not be zero
2631537,t0014,0,1,NVIDIA A100-SXM4-40GB,501-1000aa,MGYG000092750_01076.fasta,586,warmup,False,1,10,0.55,62.0,ERROR: range() arg 3 must not be zero
2631537,t0014,0,1,NVIDIA A100-SXM4-40GB,501-1000aa,MGYG000103881_00317.fasta,508,warmup,False,1,10,0.54,62.0,ERROR: range() arg 3 must not be zero
2631537,t0014,0,1,NVIDIA A100-SXM4-40GB,501-1000aa,MGYG000104309_00731.fasta,857,warmup,False,1,10,0.54,62.0,ERROR: range() arg 3 must not be zero
2631537,t0014,0,1,NVIDIA A100-SXM4-40GB,501-1000aa,MGYG000104428_00721.fasta,791,warmup,False,1,10,0.56,62.0,ERROR: range() arg 3 must not be zero
2631537,t0014,0,1,NVIDIA A100-SXM4-40GB,501-1000aa,MGYG000104888_01968.fasta,621,warmup,False,1,10,0.54,62.0,ERROR: range() arg 3 must not be zero
2631537,t0014,0,1,NVIDIA A100-SXM4-40GB,501-1000aa,MGYG000107913_00150.fasta,937,warmup,False,1,10,0.54,62.0,ERROR: range() arg 3 must not be zero
2631537,t0014,0,1,NVIDIA A100-SXM4-40GB,501-1000aa,MGYG000109303_00348.fasta,602,warmup,False,1,10,0.54,62.0,ERROR: range() arg 3 must not be zero
2631537,t0014,0,1,NVIDIA A100-SXM4-40GB,501-1000aa,MGYG000110983_01363.fasta,730,warmup,False,1,10,0.54,62.0,ERROR: range() arg 3 must not be zero
2631537,t0014,0,1,NVIDIA A100-SXM4-40GB,501-1000aa,MGYG000135045_00151.fasta,769,warmup,False,1,10,0.54,62.0,ERROR: range() arg 3 must not be zero
2631537,t0014,0,1,NVIDIA A100-SXM4-40GB,501-1000aa,MGYG000136598_00537.fasta,938,warmup,False,1,10,0.54,62.0,ERROR: range() arg 3 must not be zero
2631537,t0014,0,1,NVIDIA A100-SXM4-40GB,501-1000aa,MGYG000137528_00290.fasta,778,warmup,False,1,10,0.59,62.0,ERROR: range() arg 3 must not be zero
2631537,t0014,0,1,NVIDIA A100-SXM4-40GB,501-1000aa,MGYG000142156_01983.fasta,583,warmup,False,1,10,0.54,62.0,ERROR: range() arg 3 must not be zero
2631537,t0014,0,1,NVIDIA A100-SXM4-40GB,501-1000aa,MGYG000143234_01867.fasta,687,warmup,False,1,10,0.55,62.0,ERROR: range() arg 3 must not be zero
2631537,t0014,0,1,NVIDIA A100-SXM4-40GB,501-1000aa,MGYG000145190_00848.fasta,718,warmup,False,1,10,0.55,62.0,ERROR: range() arg 3 must not be zero
2631537,t0014,0,1,NVIDIA A100-SXM4-40GB,501-1000aa,MGYG000148642_00614.fasta,584,warmup,False,1,10,0.56,62.0,ERROR: range() arg 3 must not be zero
2631537,t0014,0,1,NVIDIA A100-SXM4-40GB,501-1000aa,MGYG000149495_00286.fasta,581,warmup,False,1,10,0.54,62.0,ERROR: range() arg 3 must not be zero
2631537,t0014,0,1,NVIDIA A100-SXM4-40GB,501-1000aa,MGYG000150650_00759.fasta,565,warmup,False,1,10,0.55,62.0,ERROR: range() arg 3 must not be zero
2631537,t0014,0,1,NVIDIA A100-SXM4-40GB,501-1000aa,MGYG000155335_02147.fasta,591,warmup,False,1,10,0.77,62.0,ERROR: range() arg 3 must not be zero
2631537,t0014,0,1,NVIDIA A100-SXM4-40GB,501-1000aa,MGYG000155535_03812.fasta,528,warmup,False,1,10,0.54,62.0,ERROR: range() arg 3 must not be zero
2631537,t0014,0,1,NVIDIA A100-SXM4-40GB,501-1000aa,MGYG000158210_00938.fasta,594,warmup,False,1,10,0.53,62.0,ERROR: range() arg 3 must not be zero
2631537,t0014,0,1,NVIDIA A100-SXM4-40GB,501-1000aa,MGYG000163152_01499.fasta,986,warmup,False,1,10,0.54,62.0,ERROR: range() arg 3 must not be zero
2631537,t0014,0,1,NVIDIA A100-SXM4-40GB,501-1000aa,MGYG000166064_01432.fasta,556,warmup,False,1,10,0.54,62.0,ERROR: range() arg 3 must not be zero
2631537,t0014,0,1,NVIDIA A100-SXM4-40GB,501-1000aa,MGYG000166563_00664.fasta,726,warmup,False,1,10,0.53,62.0,ERROR: range() arg 3 must not be zero
2631537,t0014,0,1,NVIDIA A100-SXM4-40GB,501-1000aa,MGYG000175379_00040.fasta,658,warmup,False,1,10,0.54,62.0,ERROR: range() arg 3 must not be zero
2631537,t0014,0,1,NVIDIA A100-SXM4-40GB,501-1000aa,MGYG000177974_00819.fasta,590,warmup,False,1,10,0.54,62.0,ERROR: range() arg 3 must not be zero
2631537,t0014,0,1,NVIDIA A100-SXM4-40GB,501-1000aa,MGYG000180449_01131.fasta,643,warmup,False,1,10,0.54,62.0,ERROR: range() arg 3 must not be zero
2631537,t0014,0,1,NVIDIA A100-SXM4-40GB,501-1000aa,MGYG000198765_01807.fasta,718,warmup,False,1,10,0.54,62.0,ERROR: range() arg 3 must not be zero
2631537,t0014,0,1,NVIDIA A100-SXM4-40GB,501-1000aa,MGYG000207571_01121.fasta,909,warmup,False,1,10,0.54,62.0,ERROR: range() arg 3 must not be zero
2631537,t0014,0,1,NVIDIA A100-SXM4-40GB,501-1000aa,MGYG000207833_00255.fasta,822,warmup,False,1,10,0.56,62.0,ERROR: range() arg 3 must not be zero
2631537,t0014,0,1,NVIDIA A100-SXM4-40GB,501-1000aa,MGYG000208059_04011.fasta,534,warmup,False,1,10,0.54,62.0,ERROR: range() arg 3 must not be zero
2631537,t0014,0,1,NVIDIA A100-SXM4-40GB,501-1000aa,MGYG000211443_00023.fasta,972,warmup,False,1,10,0.54,62.0,ERROR: range() arg 3 must not be zero
2631537,t0014,0,1,NVIDIA A100-SXM4-40GB,501-1000aa,MGYG000216482_00030.fasta,516,warmup,False,1,10,0.54,62.0,ERROR: range() arg 3 must not be zero
2631537,t0014,0,1,NVIDIA A100-SXM4-40GB,501-1000aa,MGYG000219332_00218.fasta,608,warmup,False,1,10,0.54,62.0,ERROR: range() arg 3 must not be zero
2631537,t0014,0,1,NVIDIA A100-SXM4-40GB,501-1000aa,MGYG000220916_01380.fasta,646,warmup,False,1,10,0.54,62.0,ERROR: range() arg 3 must not be zero
2631537,t0014,0,1,NVIDIA A100-SXM4-40GB,501-1000aa,MGYG000223638_01467.fasta,643,warmup,False,1,10,0.54,62.0,ERROR: range() arg 3 must not be zero
2631537,t0014,0,1,NVIDIA A100-SXM4-40GB,501-1000aa,MGYG000223946_01626.fasta,581,warmup,False,1,10,0.54,62.0,ERROR: range() arg 3 must not be zero
2631537,t0014,0,1,NVIDIA A100-SXM4-40GB,501-1000aa,MGYG000240792_01199.fasta,793,warmup,False,1,10,0.54,62.0,ERROR: range() arg 3 must not be zero
2631537,t0014,0,1,NVIDIA A100-SXM4-40GB,501-1000aa,MGYG000243717_01525.fasta,689,warmup,False,1,10,0.54,62.0,ERROR: range() arg 3 must not be zero
2631537,t0014,0,1,NVIDIA A100-SXM4-40GB,501-1000aa,MGYG000250830_00726.fasta,965,warmup,False,1,10,0.54,62.0,ERROR: range() arg 3 must not be zero
2631537,t0014,0,1,NVIDIA A100-SXM4-40GB,501-1000aa,MGYG000259063_01161.fasta,528,warmup,False,1,10,0.54,62.0,ERROR: range() arg 3 must not be zero
2631537,t0014,0,1,NVIDIA A100-SXM4-40GB,501-1000aa,MGYG000260038_00905.fasta,538,warmup,False,1,10,0.54,62.0,ERROR: range() arg 3 must not be zero
2631537,t0014,0,1,NVIDIA A100-SXM4-40GB,501-1000aa,MGYG000260866_01519.fasta,850,warmup,False,1,10,0.53,62.0,ERROR: range() arg 3 must not be zero
2631537,t0014,0,1,NVIDIA A100-SXM4-40GB,501-1000aa,MGYG000264043_00104.fasta,537,warmup,False,1,10,0.54,62.0,ERROR: range() arg 3 must not be zero
2631537,t0014,0,1,NVIDIA A100-SXM4-40GB,501-1000aa,MGYG000266933_00916.fasta,548,warmup,False,1,10,0.54,62.0,ERROR: range() arg 3 must not be zero
2631537,t0014,0,1,NVIDIA A100-SXM4-40GB,501-1000aa,MGYG000270802_00013.fasta,682,warmup,False,1,10,0.54,62.0,ERROR: range() arg 3 must not be zero
2631537,t0014,0,1,NVIDIA A100-SXM4-40GB,501-1000aa,MGYG000273236_00665.fasta,714,warmup,False,1,10,0.54,62.0,ERROR: range() arg 3 must not be zero
2631537,t0014,0,1,NVIDIA A100-SXM4-40GB,501-1000aa,MGYG000277897_00346.fasta,779,warmup,False,1,10,0.54,62.0,ERROR: range() arg 3 must not be zero
2631537,t0014,0,1,NVIDIA A100-SXM4-40GB,501-1000aa,MGYG000278373_01737.fasta,607,warmup,False,1,10,0.54,62.0,ERROR: range() arg 3 must not be zero
2631537,t0014,0,1,NVIDIA A100-SXM4-40GB,501-1000aa,MGYG000278652_00276.fasta,561,warmup,False,1,10,0.54,62.0,ERROR: range() arg 3 must not be zero
2631537,t0014,0,1,NVIDIA A100-SXM4-40GB,501-1000aa,MGYG000283754_00968.fasta,777,warmup,False,1,10,0.55,62.0,ERROR: range() arg 3 must not be zero
2631537,t0014,0,1,NVIDIA A100-SXM4-40GB,501-1000aa,MGYG000285861_01081.fasta,816,warmup,False,1,10,0.54,62.0,ERROR: range() arg 3 must not be zero
2631537,t0014,0,1,NVIDIA A100-SXM4-40GB,501-1000aa,MGYG000286361_02817.fasta,596,warmup,False,1,10,0.54,62.0,ERROR: range() arg 3 must not be zero
